
insert  into `admin_disease`(`DISEASE_ID`,`NAME`,`DESCRIPTION`,`ISINHERITABLE`,`ISHIGHINCIDENCE`,`CREATEBY`,`CREATEON`,`DISEASECATEGORY_ID`) values ('145909f7189e4aabade2564902f76f2c','结直肠癌','',1,1,'0183ed31711943ad9abf193b07bcc570','2016-05-11 00:00:00','bee83403dfca4cd1a73d7035ef13c6e9');
insert  into `admin_disease`(`DISEASE_ID`,`NAME`,`DESCRIPTION`,`ISINHERITABLE`,`ISHIGHINCIDENCE`,`CREATEBY`,`CREATEON`,`DISEASECATEGORY_ID`) values ('2581ac8eef924352935347cad12a127d','甲状腺癌（乳头状癌、滤泡样癌）','',1,1,'0183ed31711943ad9abf193b07bcc570','2016-05-11 00:00:00','bc1f25fce0144f638f00ff5e5260a1fe');
insert  into `admin_disease`(`DISEASE_ID`,`NAME`,`DESCRIPTION`,`ISINHERITABLE`,`ISHIGHINCIDENCE`,`CREATEBY`,`CREATEON`,`DISEASECATEGORY_ID`) values ('29dd3f1a0461496eb79bbb08f02b8ce8','龋齿','',0,1,'0183ed31711943ad9abf193b07bcc570','2016-05-11 00:00:00','f5f786b46cdb4acc91d2e4fbfa39d3f6');
insert  into `admin_disease`(`DISEASE_ID`,`NAME`,`DESCRIPTION`,`ISINHERITABLE`,`ISHIGHINCIDENCE`,`CREATEBY`,`CREATEON`,`DISEASECATEGORY_ID`) values ('2b8571eaf4c24a0db9f4411185cf3990','骨质疏松','',0,1,'0183ed31711943ad9abf193b07bcc570','2016-05-11 00:00:00','674fe0004c0f4f278dfa0c3b26af67c9');
insert  into `admin_disease`(`DISEASE_ID`,`NAME`,`DESCRIPTION`,`ISINHERITABLE`,`ISHIGHINCIDENCE`,`CREATEBY`,`CREATEON`,`DISEASECATEGORY_ID`) values ('361a207e57464933a70c447376f4b8f2','鼻咽癌','',0,1,'0183ed31711943ad9abf193b07bcc570','2016-05-11 00:00:00','579504a844f048e7ace25e7ef0ea26ff');
insert  into `admin_disease`(`DISEASE_ID`,`NAME`,`DESCRIPTION`,`ISINHERITABLE`,`ISHIGHINCIDENCE`,`CREATEBY`,`CREATEON`,`DISEASECATEGORY_ID`) values ('3e8727d3ca9349a58b4990edaa0db903','腹主动脉瘤','',0,1,'0183ed31711943ad9abf193b07bcc570','2016-05-11 00:00:00','1358ff94ba9d4dd2a7acec14d779ba04');
insert  into `admin_disease`(`DISEASE_ID`,`NAME`,`DESCRIPTION`,`ISINHERITABLE`,`ISHIGHINCIDENCE`,`CREATEBY`,`CREATEON`,`DISEASECATEGORY_ID`) values ('4128397e3ca24d9785da2d80c8aea6cc','阻塞性睡眠呼吸暂停低通气综合征','',0,1,'0183ed31711943ad9abf193b07bcc570','2016-05-11 00:00:00','bdf608f3ce154cc284b12f85f0ff0b40');
insert  into `admin_disease`(`DISEASE_ID`,`NAME`,`DESCRIPTION`,`ISINHERITABLE`,`ISHIGHINCIDENCE`,`CREATEBY`,`CREATEON`,`DISEASECATEGORY_ID`) values ('443726ff3f7b4f668d6ca4a412f2001a','卵巢癌','',1,1,'0183ed31711943ad9abf193b07bcc570','2016-05-11 00:00:00','099a6e1b28b64263ba011c2a4552b8c1');
insert  into `admin_disease`(`DISEASE_ID`,`NAME`,`DESCRIPTION`,`ISINHERITABLE`,`ISHIGHINCIDENCE`,`CREATEBY`,`CREATEON`,`DISEASECATEGORY_ID`) values ('481738c1e22b4e48abd4b37cf20359aa','牙周病','',0,1,'0183ed31711943ad9abf193b07bcc570','2016-05-11 00:00:00','f5f786b46cdb4acc91d2e4fbfa39d3f6');
insert  into `admin_disease`(`DISEASE_ID`,`NAME`,`DESCRIPTION`,`ISINHERITABLE`,`ISHIGHINCIDENCE`,`CREATEBY`,`CREATEON`,`DISEASECATEGORY_ID`) values ('4927a9a1f70f4a4697acd2b62cf65971','胆囊癌','',0,1,'0183ed31711943ad9abf193b07bcc570','2016-05-11 00:00:00','bee83403dfca4cd1a73d7035ef13c6e9');
insert  into `admin_disease`(`DISEASE_ID`,`NAME`,`DESCRIPTION`,`ISINHERITABLE`,`ISHIGHINCIDENCE`,`CREATEBY`,`CREATEON`,`DISEASECATEGORY_ID`) values ('49bb5cf885a44d068f6cc839f44b0fe5','甲状腺髓样癌','',1,1,'0183ed31711943ad9abf193b07bcc570','2016-05-11 00:00:00','bc1f25fce0144f638f00ff5e5260a1fe');
insert  into `admin_disease`(`DISEASE_ID`,`NAME`,`DESCRIPTION`,`ISINHERITABLE`,`ISHIGHINCIDENCE`,`CREATEBY`,`CREATEON`,`DISEASECATEGORY_ID`) values ('66e8a724efea4d1d8d54c900ffd1984b','颈动脉狭窄','',0,1,'0183ed31711943ad9abf193b07bcc570','2016-05-11 00:00:00','081a178d080f4f33ae90d147c604d6ba');
insert  into `admin_disease`(`DISEASE_ID`,`NAME`,`DESCRIPTION`,`ISINHERITABLE`,`ISHIGHINCIDENCE`,`CREATEBY`,`CREATEON`,`DISEASECATEGORY_ID`) values ('67b14f7fb6164db38b34f9cecbc78a9e','肺动脉高压','',0,1,'0183ed31711943ad9abf193b07bcc570','2016-05-11 00:00:00','a926dee046854d88af100b1e98d4cb4c');
insert  into `admin_disease`(`DISEASE_ID`,`NAME`,`DESCRIPTION`,`ISINHERITABLE`,`ISHIGHINCIDENCE`,`CREATEBY`,`CREATEON`,`DISEASECATEGORY_ID`) values ('6c8ce194bbd1426da1170781819a890b','肝癌','肝细胞肝癌',1,1,'0183ed31711943ad9abf193b07bcc570','2016-05-11 00:00:00','bee83403dfca4cd1a73d7035ef13c6e9');
insert  into `admin_disease`(`DISEASE_ID`,`NAME`,`DESCRIPTION`,`ISINHERITABLE`,`ISHIGHINCIDENCE`,`CREATEBY`,`CREATEON`,`DISEASECATEGORY_ID`) values ('6e3256bed9694c11930bc5251ef42678','高血压','',0,1,'0183ed31711943ad9abf193b07bcc570','2016-05-11 00:00:00','06f4516b62d94764af64911ea13f6f80');
insert  into `admin_disease`(`DISEASE_ID`,`NAME`,`DESCRIPTION`,`ISINHERITABLE`,`ISHIGHINCIDENCE`,`CREATEBY`,`CREATEON`,`DISEASECATEGORY_ID`) values ('750ea039c8b24154b0017c9ba46ce0f5','脑动脉粥样硬化','',0,1,'0183ed31711943ad9abf193b07bcc570','2016-05-11 00:00:00','081a178d080f4f33ae90d147c604d6ba');
insert  into `admin_disease`(`DISEASE_ID`,`NAME`,`DESCRIPTION`,`ISINHERITABLE`,`ISHIGHINCIDENCE`,`CREATEBY`,`CREATEON`,`DISEASECATEGORY_ID`) values ('83faa64fdebb4af7be83fe05ec2898d7','糖尿病','成人2型糖尿病',1,1,'0183ed31711943ad9abf193b07bcc570','2016-05-11 00:00:00','7b66f9aab0f8497ba5a400c70ac1a7bf');
insert  into `admin_disease`(`DISEASE_ID`,`NAME`,`DESCRIPTION`,`ISINHERITABLE`,`ISHIGHINCIDENCE`,`CREATEBY`,`CREATEON`,`DISEASECATEGORY_ID`) values ('8a5fd8556a8f470ca9ad276c3f7181cf','口腔癌','',0,1,'0183ed31711943ad9abf193b07bcc570','2016-05-11 00:00:00','579504a844f048e7ace25e7ef0ea26ff');
insert  into `admin_disease`(`DISEASE_ID`,`NAME`,`DESCRIPTION`,`ISINHERITABLE`,`ISHIGHINCIDENCE`,`CREATEBY`,`CREATEON`,`DISEASECATEGORY_ID`) values ('96c7f45f8f6c44b9aa9047335f385b02','宫颈癌','',0,1,'0183ed31711943ad9abf193b07bcc570','2016-05-11 00:00:00','099a6e1b28b64263ba011c2a4552b8c1');
insert  into `admin_disease`(`DISEASE_ID`,`NAME`,`DESCRIPTION`,`ISINHERITABLE`,`ISHIGHINCIDENCE`,`CREATEBY`,`CREATEON`,`DISEASECATEGORY_ID`) values ('af2b3396f5454bccaf0d5fb9327ce24d','恶性淋巴瘤','',1,1,'0183ed31711943ad9abf193b07bcc570','2016-05-11 00:00:00','2645311c5c6e4feba7b54952fe00971e');
insert  into `admin_disease`(`DISEASE_ID`,`NAME`,`DESCRIPTION`,`ISINHERITABLE`,`ISHIGHINCIDENCE`,`CREATEBY`,`CREATEON`,`DISEASECATEGORY_ID`) values ('bb1a5c5baed54286ad3d097ad0bc8622','食管癌','',1,1,'0183ed31711943ad9abf193b07bcc570','2016-05-11 00:00:00','bee83403dfca4cd1a73d7035ef13c6e9');
insert  into `admin_disease`(`DISEASE_ID`,`NAME`,`DESCRIPTION`,`ISINHERITABLE`,`ISHIGHINCIDENCE`,`CREATEBY`,`CREATEON`,`DISEASECATEGORY_ID`) values ('be36269e1960417a8fe60ed93fd465d3','乳腺癌','',0,1,'0183ed31711943ad9abf193b07bcc570','2016-05-11 00:00:00','e37bb4a891934a01a446cc290f6fb606');
insert  into `admin_disease`(`DISEASE_ID`,`NAME`,`DESCRIPTION`,`ISINHERITABLE`,`ISHIGHINCIDENCE`,`CREATEBY`,`CREATEON`,`DISEASECATEGORY_ID`) values ('c2aef940bbc14bb598c88223d83c614b','胰腺癌','',0,1,'0183ed31711943ad9abf193b07bcc570','2016-05-11 00:00:00','bee83403dfca4cd1a73d7035ef13c6e9');
insert  into `admin_disease`(`DISEASE_ID`,`NAME`,`DESCRIPTION`,`ISINHERITABLE`,`ISHIGHINCIDENCE`,`CREATEBY`,`CREATEON`,`DISEASECATEGORY_ID`) values ('d512d601abf64077ba881afb6b0de817','肺癌','？',1,1,'0183ed31711943ad9abf193b07bcc570','2016-05-11 00:00:00','9dd57f9fde1d463e972c74b3764f2015');
insert  into `admin_disease`(`DISEASE_ID`,`NAME`,`DESCRIPTION`,`ISINHERITABLE`,`ISHIGHINCIDENCE`,`CREATEBY`,`CREATEON`,`DISEASECATEGORY_ID`) values ('d58141ace4fa4dd8868daa8864aed5ff','急性冠脉综合征','',0,1,'0183ed31711943ad9abf193b07bcc570','2016-05-11 00:00:00','3640dd55e2e142bcb1a0e907aa966d5a');
insert  into `admin_disease`(`DISEASE_ID`,`NAME`,`DESCRIPTION`,`ISINHERITABLE`,`ISHIGHINCIDENCE`,`CREATEBY`,`CREATEON`,`DISEASECATEGORY_ID`) values ('e301591d7cb24381b364fb9f43ad864e','前列腺癌','',0,1,'0183ed31711943ad9abf193b07bcc570','2016-05-11 00:00:00','502598fded3041169d142f6ce23d7603');
insert  into `admin_disease`(`DISEASE_ID`,`NAME`,`DESCRIPTION`,`ISINHERITABLE`,`ISHIGHINCIDENCE`,`CREATEBY`,`CREATEON`,`DISEASECATEGORY_ID`) values ('e613c52489824f9c8c51bf55d2b8cddb','胃癌','含有贲门癌',1,1,'0183ed31711943ad9abf193b07bcc570','2016-05-11 00:00:00','bee83403dfca4cd1a73d7035ef13c6e9');
insert  into `admin_disease`(`DISEASE_ID`,`NAME`,`DESCRIPTION`,`ISINHERITABLE`,`ISHIGHINCIDENCE`,`CREATEBY`,`CREATEON`,`DISEASECATEGORY_ID`) values ('fb863969b48b4590ac9a1ce8580bda34','外周动脉疾病（PAD）','',0,1,'0183ed31711943ad9abf193b07bcc570','2016-05-11 00:00:00','1358ff94ba9d4dd2a7acec14d779ba04');


insert  into `admin_diseaseandarticle`(`diseaseandarticle_id`,`article_id`,`disease_id`) values ('be78fd331499493da17ac03d16724907','250f603188da4b2f82578f5553656d7f','d58141ace4fa4dd8868daa8864aed5ff');

insert  into `admin_diseasecategory`(`DISEASECATEGORY_ID`,`NAME`,`DESCRIPTION`,`CREATEBY`,`CREATEON`,`PARENT_ID`) values ('06f4516b62d94764af64911ea13f6f80','高血压病','','0183ed31711943ad9abf193b07bcc570','2016-05-11 00:00:00','5db9ec5cf57c450e9b39d02155e86e98');
insert  into `admin_diseasecategory`(`DISEASECATEGORY_ID`,`NAME`,`DESCRIPTION`,`CREATEBY`,`CREATEON`,`PARENT_ID`) values ('081a178d080f4f33ae90d147c604d6ba','脑血管病','','0183ed31711943ad9abf193b07bcc570','2016-05-11 00:00:00','5db9ec5cf57c450e9b39d02155e86e98');
insert  into `admin_diseasecategory`(`DISEASECATEGORY_ID`,`NAME`,`DESCRIPTION`,`CREATEBY`,`CREATEON`,`PARENT_ID`) values ('099a6e1b28b64263ba011c2a4552b8c1','女性生殖器官恶性肿瘤','','0183ed31711943ad9abf193b07bcc570','2016-05-11 00:00:00','4db5e27c17e04390b4e52c4c60d99923');
insert  into `admin_diseasecategory`(`DISEASECATEGORY_ID`,`NAME`,`DESCRIPTION`,`CREATEBY`,`CREATEON`,`PARENT_ID`) values ('0ece640f5c5f442eaef4790420ca5e82','主要为性传播模式的感染','','0183ed31711943ad9abf193b07bcc570','2016-05-11 00:00:00','97e52777ae0f40e0a23680b421a64893');
insert  into `admin_diseasecategory`(`DISEASECATEGORY_ID`,`NAME`,`DESCRIPTION`,`CREATEBY`,`CREATEON`,`PARENT_ID`) values ('1358ff94ba9d4dd2a7acec14d779ba04','动脉、小动脉和毛细血管疾病','','0183ed31711943ad9abf193b07bcc570','2016-05-11 00:00:00','5db9ec5cf57c450e9b39d02155e86e98');
insert  into `admin_diseasecategory`(`DISEASECATEGORY_ID`,`NAME`,`DESCRIPTION`,`CREATEBY`,`CREATEON`,`PARENT_ID`) values ('15248483b34c4a79aa8b75678df48442','呼吸系统疾病','','0183ed31711943ad9abf193b07bcc570','2016-05-11 00:00:00','0');
insert  into `admin_diseasecategory`(`DISEASECATEGORY_ID`,`NAME`,`DESCRIPTION`,`CREATEBY`,`CREATEON`,`PARENT_ID`) values ('16d2ed23fedb49d9bc1c2a8213593e06','起源于围生期的某些情况','','0183ed31711943ad9abf193b07bcc570','2016-05-11 00:00:00','0');
insert  into `admin_diseasecategory`(`DISEASECATEGORY_ID`,`NAME`,`DESCRIPTION`,`CREATEBY`,`CREATEON`,`PARENT_ID`) values ('1a2a976b6fae47ad9ef2413e8139b7f0','血液及造血器官疾病和涉及免疫机制的某些疾患','不包含血液及淋巴肿瘤','0183ed31711943ad9abf193b07bcc570','2016-05-11 00:00:00','0');
insert  into `admin_diseasecategory`(`DISEASECATEGORY_ID`,`NAME`,`DESCRIPTION`,`CREATEBY`,`CREATEON`,`PARENT_ID`) values ('1bc4b4747ee9490ea68004eb8bf67d85','由衣原体引起的其他疾病','','0183ed31711943ad9abf193b07bcc570','2016-05-11 00:00:00','97e52777ae0f40e0a23680b421a64893');
insert  into `admin_diseasecategory`(`DISEASECATEGORY_ID`,`NAME`,`DESCRIPTION`,`CREATEBY`,`CREATEON`,`PARENT_ID`) values ('1c7b1a9218b14bf5bca6517b8b5f41e4','皮肤和皮下组织疾病','','0183ed31711943ad9abf193b07bcc570','2016-05-11 00:00:00','0');
insert  into `admin_diseasecategory`(`DISEASECATEGORY_ID`,`NAME`,`DESCRIPTION`,`CREATEBY`,`CREATEON`,`PARENT_ID`) values ('1cdbb959479445e18f30bf5e9cbb34b2','疾病和死亡的外因','','0183ed31711943ad9abf193b07bcc570','2016-05-11 00:00:00','0');
insert  into `admin_diseasecategory`(`DISEASECATEGORY_ID`,`NAME`,`DESCRIPTION`,`CREATEBY`,`CREATEON`,`PARENT_ID`) values ('23b1e9f7601d45aa9d004bea11bf5756','其余无法归类的分类','无法归因或有其它特殊目的的分类','0183ed31711943ad9abf193b07bcc570','2016-05-11 00:00:00','0');
insert  into `admin_diseasecategory`(`DISEASECATEGORY_ID`,`NAME`,`DESCRIPTION`,`CREATEBY`,`CREATEON`,`PARENT_ID`) values ('2645311c5c6e4feba7b54952fe00971e','淋巴、造血和有关组织的恶性肿瘤','','0183ed31711943ad9abf193b07bcc570','2016-05-11 00:00:00','4db5e27c17e04390b4e52c4c60d99923');
insert  into `admin_diseasecategory`(`DISEASECATEGORY_ID`,`NAME`,`DESCRIPTION`,`CREATEBY`,`CREATEON`,`PARENT_ID`) values ('3640dd55e2e142bcb1a0e907aa966d5a','缺血性心脏病','','0183ed31711943ad9abf193b07bcc570','2016-05-11 00:00:00','5db9ec5cf57c450e9b39d02155e86e98');
insert  into `admin_diseasecategory`(`DISEASECATEGORY_ID`,`NAME`,`DESCRIPTION`,`CREATEBY`,`CREATEON`,`PARENT_ID`) values ('402d178c671241c7ae4aee3a70f9a2ac','妊娠、分娩和产褥期','','0183ed31711943ad9abf193b07bcc570','2016-05-11 00:00:00','0');
insert  into `admin_diseasecategory`(`DISEASECATEGORY_ID`,`NAME`,`DESCRIPTION`,`CREATEBY`,`CREATEON`,`PARENT_ID`) values ('4db5e27c17e04390b4e52c4c60d99923','肿瘤','包含良、恶性、动态未定及动态未知的肿瘤','0183ed31711943ad9abf193b07bcc570','2016-05-11 00:00:00','0');
insert  into `admin_diseasecategory`(`DISEASECATEGORY_ID`,`NAME`,`DESCRIPTION`,`CREATEBY`,`CREATEON`,`PARENT_ID`) values ('502598fded3041169d142f6ce23d7603','男性生殖器官恶性肿瘤','','0183ed31711943ad9abf193b07bcc570','2016-05-11 00:00:00','4db5e27c17e04390b4e52c4c60d99923');
insert  into `admin_diseasecategory`(`DISEASECATEGORY_ID`,`NAME`,`DESCRIPTION`,`CREATEBY`,`CREATEON`,`PARENT_ID`) values ('56e022a1623c489fabae3cad01d7c2bf','循环系统其他和未特指的疾患','','0183ed31711943ad9abf193b07bcc570','2016-05-11 00:00:00','5db9ec5cf57c450e9b39d02155e86e98');
insert  into `admin_diseasecategory`(`DISEASECATEGORY_ID`,`NAME`,`DESCRIPTION`,`CREATEBY`,`CREATEON`,`PARENT_ID`) values ('579504a844f048e7ace25e7ef0ea26ff','唇、口腔和咽恶性肿瘤','','0183ed31711943ad9abf193b07bcc570','2016-05-11 00:00:00','4db5e27c17e04390b4e52c4c60d99923');
insert  into `admin_diseasecategory`(`DISEASECATEGORY_ID`,`NAME`,`DESCRIPTION`,`CREATEBY`,`CREATEON`,`PARENT_ID`) values ('5db9ec5cf57c450e9b39d02155e86e98','循环系统疾病','','0183ed31711943ad9abf193b07bcc570','2016-05-11 00:00:00','0');
insert  into `admin_diseasecategory`(`DISEASECATEGORY_ID`,`NAME`,`DESCRIPTION`,`CREATEBY`,`CREATEON`,`PARENT_ID`) values ('5f2e851e480f4a84a77830ed4a5d31a9','先天性畸形、变形和染色体异常','','0183ed31711943ad9abf193b07bcc570','2016-05-11 00:00:00','0');
insert  into `admin_diseasecategory`(`DISEASECATEGORY_ID`,`NAME`,`DESCRIPTION`,`CREATEBY`,`CREATEON`,`PARENT_ID`) values ('5f620c1df7b34c2a8ac9ba9682d759ae','损伤、中毒和外因的某些其他后果','','0183ed31711943ad9abf193b07bcc570','2016-05-11 00:00:00','0');
insert  into `admin_diseasecategory`(`DISEASECATEGORY_ID`,`NAME`,`DESCRIPTION`,`CREATEBY`,`CREATEON`,`PARENT_ID`) values ('674fe0004c0f4f278dfa0c3b26af67c9','骨密度和结构的疾患','','0183ed31711943ad9abf193b07bcc570','2016-05-11 00:00:00','bc920948454d432aa09b6780185c8f4c');
insert  into `admin_diseasecategory`(`DISEASECATEGORY_ID`,`NAME`,`DESCRIPTION`,`CREATEBY`,`CREATEON`,`PARENT_ID`) values ('678880e0b2344763b6f171cadfab1db9','甲状腺疾病','','0183ed31711943ad9abf193b07bcc570','2016-05-11 00:00:00','98e3745360db42d185b23e7b716e8244');
insert  into `admin_diseasecategory`(`DISEASECATEGORY_ID`,`NAME`,`DESCRIPTION`,`CREATEBY`,`CREATEON`,`PARENT_ID`) values ('7b66f9aab0f8497ba5a400c70ac1a7bf','糖尿病','','0183ed31711943ad9abf193b07bcc570','2016-05-11 00:00:00','98e3745360db42d185b23e7b716e8244');
insert  into `admin_diseasecategory`(`DISEASECATEGORY_ID`,`NAME`,`DESCRIPTION`,`CREATEBY`,`CREATEON`,`PARENT_ID`) values ('82e1b019c7fa42c39eb949dfef70891a','精神和行为障碍','','0183ed31711943ad9abf193b07bcc570','2016-05-11 00:00:00','0');
insert  into `admin_diseasecategory`(`DISEASECATEGORY_ID`,`NAME`,`DESCRIPTION`,`CREATEBY`,`CREATEON`,`PARENT_ID`) values ('88717d11feb54ab9b4724f549eac5a9e','泌尿生殖系统疾病','','0183ed31711943ad9abf193b07bcc570','2016-05-11 00:00:00','0');
insert  into `admin_diseasecategory`(`DISEASECATEGORY_ID`,`NAME`,`DESCRIPTION`,`CREATEBY`,`CREATEON`,`PARENT_ID`) values ('8a408fc713114d09a119ca6317600362','影响健康状态和与保健机构接触的因素','','0183ed31711943ad9abf193b07bcc570','2016-05-11 00:00:00','0');
insert  into `admin_diseasecategory`(`DISEASECATEGORY_ID`,`NAME`,`DESCRIPTION`,`CREATEBY`,`CREATEON`,`PARENT_ID`) values ('911671dd601b47dcadafb9ba81fd0e49','眼和附器疾病','','0183ed31711943ad9abf193b07bcc570','2016-05-11 00:00:00','0');
insert  into `admin_diseasecategory`(`DISEASECATEGORY_ID`,`NAME`,`DESCRIPTION`,`CREATEBY`,`CREATEON`,`PARENT_ID`) values ('97e52777ae0f40e0a23680b421a64893','某些传染病和寄生虫病','包含细菌、真菌、病毒及寄生虫','0183ed31711943ad9abf193b07bcc570','2016-05-11 00:00:00','0');
insert  into `admin_diseasecategory`(`DISEASECATEGORY_ID`,`NAME`,`DESCRIPTION`,`CREATEBY`,`CREATEON`,`PARENT_ID`) values ('98e3745360db42d185b23e7b716e8244','内分泌、营养和代谢疾病','','0183ed31711943ad9abf193b07bcc570','2016-05-11 00:00:00','0');
insert  into `admin_diseasecategory`(`DISEASECATEGORY_ID`,`NAME`,`DESCRIPTION`,`CREATEBY`,`CREATEON`,`PARENT_ID`) values ('9aec6b9580f24ff1bdddbaba0bc0eb8c','代谢紊乱','','0183ed31711943ad9abf193b07bcc570','2016-05-11 00:00:00','98e3745360db42d185b23e7b716e8244');
insert  into `admin_diseasecategory`(`DISEASECATEGORY_ID`,`NAME`,`DESCRIPTION`,`CREATEBY`,`CREATEON`,`PARENT_ID`) values ('9dd57f9fde1d463e972c74b3764f2015','呼吸和胸腔内器官恶性肿瘤','','0183ed31711943ad9abf193b07bcc570','2016-05-11 00:00:00','4db5e27c17e04390b4e52c4c60d99923');
insert  into `admin_diseasecategory`(`DISEASECATEGORY_ID`,`NAME`,`DESCRIPTION`,`CREATEBY`,`CREATEON`,`PARENT_ID`) values ('a4f48ba9c6ee425bb7ee3399939d0371','青光眼','','0183ed31711943ad9abf193b07bcc570','2016-05-11 00:00:00','911671dd601b47dcadafb9ba81fd0e49');
insert  into `admin_diseasecategory`(`DISEASECATEGORY_ID`,`NAME`,`DESCRIPTION`,`CREATEBY`,`CREATEON`,`PARENT_ID`) values ('a6bde465f0cf49b0a46d89a838ecbe02','脉络膜和视网膜疾患','','0183ed31711943ad9abf193b07bcc570','2016-05-11 00:00:00','911671dd601b47dcadafb9ba81fd0e49');
insert  into `admin_diseasecategory`(`DISEASECATEGORY_ID`,`NAME`,`DESCRIPTION`,`CREATEBY`,`CREATEON`,`PARENT_ID`) values ('a7849215bf3e433aa85b90bed5f24bf5','症状、体征和临床与实验室异常所见，不可归类在他处者','','0183ed31711943ad9abf193b07bcc570','2016-05-11 00:00:00','0');
insert  into `admin_diseasecategory`(`DISEASECATEGORY_ID`,`NAME`,`DESCRIPTION`,`CREATEBY`,`CREATEON`,`PARENT_ID`) values ('a926dee046854d88af100b1e98d4cb4c','肺源性心脏病和肺循环疾病','','0183ed31711943ad9abf193b07bcc570','2016-05-11 00:00:00','5db9ec5cf57c450e9b39d02155e86e98');
insert  into `admin_diseasecategory`(`DISEASECATEGORY_ID`,`NAME`,`DESCRIPTION`,`CREATEBY`,`CREATEON`,`PARENT_ID`) values ('ab5984ff96ae40a7a99c958a03f3470e','病毒性肝炎','','0183ed31711943ad9abf193b07bcc570','2016-05-11 00:00:00','97e52777ae0f40e0a23680b421a64893');
insert  into `admin_diseasecategory`(`DISEASECATEGORY_ID`,`NAME`,`DESCRIPTION`,`CREATEBY`,`CREATEON`,`PARENT_ID`) values ('b1f070d19cd54ce6945b0b31d67c5922','消化系统疾病','','0183ed31711943ad9abf193b07bcc570','2016-05-11 00:00:00','0');
insert  into `admin_diseasecategory`(`DISEASECATEGORY_ID`,`NAME`,`DESCRIPTION`,`CREATEBY`,`CREATEON`,`PARENT_ID`) values ('bc1f25fce0144f638f00ff5e5260a1fe','甲状腺和其他内分泌腺恶性肿瘤','','0183ed31711943ad9abf193b07bcc570','2016-05-11 00:00:00','4db5e27c17e04390b4e52c4c60d99923');
insert  into `admin_diseasecategory`(`DISEASECATEGORY_ID`,`NAME`,`DESCRIPTION`,`CREATEBY`,`CREATEON`,`PARENT_ID`) values ('bc920948454d432aa09b6780185c8f4c','肌肉骨骼系统和结缔组织疾病','','0183ed31711943ad9abf193b07bcc570','2016-05-11 00:00:00','0');
insert  into `admin_diseasecategory`(`DISEASECATEGORY_ID`,`NAME`,`DESCRIPTION`,`CREATEBY`,`CREATEON`,`PARENT_ID`) values ('bdf608f3ce154cc284b12f85f0ff0b40','上呼吸道的其它疾病','','0183ed31711943ad9abf193b07bcc570','2016-05-11 00:00:00','15248483b34c4a79aa8b75678df48442');
insert  into `admin_diseasecategory`(`DISEASECATEGORY_ID`,`NAME`,`DESCRIPTION`,`CREATEBY`,`CREATEON`,`PARENT_ID`) values ('bee83403dfca4cd1a73d7035ef13c6e9','消化器官恶性肿瘤','','0183ed31711943ad9abf193b07bcc570','2016-05-11 00:00:00','4db5e27c17e04390b4e52c4c60d99923');
insert  into `admin_diseasecategory`(`DISEASECATEGORY_ID`,`NAME`,`DESCRIPTION`,`CREATEBY`,`CREATEON`,`PARENT_ID`) values ('c84000ab43be43fe96f0ce67b8c1e1f4','耳和乳突疾病','','0183ed31711943ad9abf193b07bcc570','2016-05-11 00:00:00','0');
insert  into `admin_diseasecategory`(`DISEASECATEGORY_ID`,`NAME`,`DESCRIPTION`,`CREATEBY`,`CREATEON`,`PARENT_ID`) values ('d9bc93088d5644618af435a903012288','器质性（包括症状性）精神障碍','','0183ed31711943ad9abf193b07bcc570','2016-05-11 00:00:00','82e1b019c7fa42c39eb949dfef70891a');
insert  into `admin_diseasecategory`(`DISEASECATEGORY_ID`,`NAME`,`DESCRIPTION`,`CREATEBY`,`CREATEON`,`PARENT_ID`) values ('e37bb4a891934a01a446cc290f6fb606','乳房恶性肿瘤','','0183ed31711943ad9abf193b07bcc570','2016-05-11 00:00:00','4db5e27c17e04390b4e52c4c60d99923');
insert  into `admin_diseasecategory`(`DISEASECATEGORY_ID`,`NAME`,`DESCRIPTION`,`CREATEBY`,`CREATEON`,`PARENT_ID`) values ('ed40ef0125064f9ca5c4a97f60bbaac4','神经系统疾病','','0183ed31711943ad9abf193b07bcc570','2016-05-11 00:00:00','0');
insert  into `admin_diseasecategory`(`DISEASECATEGORY_ID`,`NAME`,`DESCRIPTION`,`CREATEBY`,`CREATEON`,`PARENT_ID`) values ('f5f786b46cdb4acc91d2e4fbfa39d3f6','口腔、涎腺和颌疾病','','0183ed31711943ad9abf193b07bcc570','2016-05-11 00:00:00','b1f070d19cd54ce6945b0b31d67c5922');

insert  into `admin_tag`(`TAG_ID`,`NAME`,`EXPRESSION`,`CREATEBY`,`CREATEON`,`TAGCATEGORY_ID`,`DESCRIPTION`) values ('001bee864d1746b68d2e032a5dfd5284','偶尔失眠','偶有失眠','69177258a06e4927b4639ab1684c3320','2016-05-13 00:00:00','3f7cafa2ef2f4a75b57c9a0c5b5dbdd3','偶有失眠');
insert  into `admin_tag`(`TAG_ID`,`NAME`,`EXPRESSION`,`CREATEBY`,`CREATEON`,`TAGCATEGORY_ID`,`DESCRIPTION`) values ('03028006f9074fa9a015b90b9cb5dcee','挺轻松的','挺轻松的','69177258a06e4927b4639ab1684c3320','2016-05-13 00:00:00','183716452dd44cb7ac14df372e5b3822','挺轻松的');
insert  into `admin_tag`(`TAG_ID`,`NAME`,`EXPRESSION`,`CREATEBY`,`CREATEON`,`TAGCATEGORY_ID`,`DESCRIPTION`) values ('100d5bd1dd8a4efb8b4ee2a34cedecf0','嗜肉','爱吃肉','69177258a06e4927b4639ab1684c3320','2016-05-13 00:00:00','fc99dddc853a4df59b028848a119109d','爱吃肉');
insert  into `admin_tag`(`TAG_ID`,`NAME`,`EXPRESSION`,`CREATEBY`,`CREATEON`,`TAGCATEGORY_ID`,`DESCRIPTION`) values ('1c54656b372841919ce5b2db8b1934e1','每周一次差旅','每周一次差旅','69177258a06e4927b4639ab1684c3320','2016-05-13 00:00:00','26df92e13f5f467a81922b4d48d5c065','每周一次差旅');
insert  into `admin_tag`(`TAG_ID`,`NAME`,`EXPRESSION`,`CREATEBY`,`CREATEON`,`TAGCATEGORY_ID`,`DESCRIPTION`) values ('1e3a6c9a18f94d4aad3224d8f3e92367','夜猫子','夜猫子','69177258a06e4927b4639ab1684c3320','2016-05-13 00:00:00','f9437e2cb7294710b144da3b8758a8a4','夜猫子');
insert  into `admin_tag`(`TAG_ID`,`NAME`,`EXPRESSION`,`CREATEBY`,`CREATEON`,`TAGCATEGORY_ID`,`DESCRIPTION`) values ('24f0048b3d3142f08f9b30be14d444e3','总是睡不醒','总是睡不醒','69177258a06e4927b4639ab1684c3320','2016-05-13 00:00:00','3f7cafa2ef2f4a75b57c9a0c5b5dbdd3','总是睡不醒');
insert  into `admin_tag`(`TAG_ID`,`NAME`,`EXPRESSION`,`CREATEBY`,`CREATEON`,`TAGCATEGORY_ID`,`DESCRIPTION`) values ('2688758add29451d8ad9fd8f83ccb34f','鸭梨山大','鸭梨山大','69177258a06e4927b4639ab1684c3320','2016-05-13 00:00:00','183716452dd44cb7ac14df372e5b3822','鸭梨山大');
insert  into `admin_tag`(`TAG_ID`,`NAME`,`EXPRESSION`,`CREATEBY`,`CREATEON`,`TAGCATEGORY_ID`,`DESCRIPTION`) values ('2d2640bb75094d2d9f41e06daed14e02','偶尔运动','偶尔运动','69177258a06e4927b4639ab1684c3320','2016-05-13 00:00:00','ccb73c78c55143cb941464deae2afab1','偶尔运动');
insert  into `admin_tag`(`TAG_ID`,`NAME`,`EXPRESSION`,`CREATEBY`,`CREATEON`,`TAGCATEGORY_ID`,`DESCRIPTION`) values ('31969b0a80294ea48bf67a55306df2b0','酗酒','酗酒','69177258a06e4927b4639ab1684c3320','2016-05-13 00:00:00','f9437e2cb7294710b144da3b8758a8a4','酗酒');
insert  into `admin_tag`(`TAG_ID`,`NAME`,`EXPRESSION`,`CREATEBY`,`CREATEON`,`TAGCATEGORY_ID`,`DESCRIPTION`) values ('3694ccf28e2646a8bd1305205dd5c881','空中飞人','空中飞人','69177258a06e4927b4639ab1684c3320','2016-05-13 00:00:00','26df92e13f5f467a81922b4d48d5c065','空中飞人');
insert  into `admin_tag`(`TAG_ID`,`NAME`,`EXPRESSION`,`CREATEBY`,`CREATEON`,`TAGCATEGORY_ID`,`DESCRIPTION`) values ('3ad6d3858f364f369f97e07c53b7c856','经常失眠','经常失眠','69177258a06e4927b4639ab1684c3320','2016-05-13 00:00:00','3f7cafa2ef2f4a75b57c9a0c5b5dbdd3','经常失眠');
insert  into `admin_tag`(`TAG_ID`,`NAME`,`EXPRESSION`,`CREATEBY`,`CREATEON`,`TAGCATEGORY_ID`,`DESCRIPTION`) values ('3fcddbaa4572416c96394561b6868044','爱吃甜食','爱吃甜食','69177258a06e4927b4639ab1684c3320','2016-05-13 00:00:00','fc99dddc853a4df59b028848a119109d','爱吃甜食');
insert  into `admin_tag`(`TAG_ID`,`NAME`,`EXPRESSION`,`CREATEBY`,`CREATEON`,`TAGCATEGORY_ID`,`DESCRIPTION`) values ('485426a3810b4a6493f8394632a0d4e6','饮食无规律','饮食无规律','69177258a06e4927b4639ab1684c3320','2016-05-13 00:00:00','f9437e2cb7294710b144da3b8758a8a4','饮食无规律');
insert  into `admin_tag`(`TAG_ID`,`NAME`,`EXPRESSION`,`CREATEBY`,`CREATEON`,`TAGCATEGORY_ID`,`DESCRIPTION`) values ('5883c962678346c0b3924c423a36aa92','运动达人','运动达人','69177258a06e4927b4639ab1684c3320','2016-05-13 00:00:00','ccb73c78c55143cb941464deae2afab1','运动达人');
insert  into `admin_tag`(`TAG_ID`,`NAME`,`EXPRESSION`,`CREATEBY`,`CREATEON`,`TAGCATEGORY_ID`,`DESCRIPTION`) values ('6f8ddaa7c5354ec8b35d7323c3c9e2ed','腌腊我也爱','腌腊我也爱','69177258a06e4927b4639ab1684c3320','2016-05-13 00:00:00','fc99dddc853a4df59b028848a119109d','腌腊我也爱');
insert  into `admin_tag`(`TAG_ID`,`NAME`,`EXPRESSION`,`CREATEBY`,`CREATEON`,`TAGCATEGORY_ID`,`DESCRIPTION`) values ('734fe6ffd73a4287bac44abb92def943','经常不吃早餐','经常不吃早餐','69177258a06e4927b4639ab1684c3320','2016-05-13 00:00:00','fc99dddc853a4df59b028848a119109d','经常不吃早餐');
insert  into `admin_tag`(`TAG_ID`,`NAME`,`EXPRESSION`,`CREATEBY`,`CREATEON`,`TAGCATEGORY_ID`,`DESCRIPTION`) values ('787a257acd784f87b9f7d8a8ab55cf34','快乐更多','快乐更多','69177258a06e4927b4639ab1684c3320','2016-05-13 00:00:00','f47f9c7b42e84931b3eb98c808f51e85','快乐更多');
insert  into `admin_tag`(`TAG_ID`,`NAME`,`EXPRESSION`,`CREATEBY`,`CREATEON`,`TAGCATEGORY_ID`,`DESCRIPTION`) values ('82ef76c2a88645da8ee80dcf6a144cc8','偶尔感觉有鸭梨','偶尔感觉有鸭梨','69177258a06e4927b4639ab1684c3320','2016-05-13 00:00:00','183716452dd44cb7ac14df372e5b3822','偶尔感觉有鸭梨');
insert  into `admin_tag`(`TAG_ID`,`NAME`,`EXPRESSION`,`CREATEBY`,`CREATEON`,`TAGCATEGORY_ID`,`DESCRIPTION`) values ('8bc86fadfb874c7bb32a28c736980022','基本不出差','基本不出差','69177258a06e4927b4639ab1684c3320','2016-05-13 00:00:00','26df92e13f5f467a81922b4d48d5c065','基本不出差');
insert  into `admin_tag`(`TAG_ID`,`NAME`,`EXPRESSION`,`CREATEBY`,`CREATEON`,`TAGCATEGORY_ID`,`DESCRIPTION`) values ('8cb571cbbab54327af4ed399d013f5f0','爱吃蔬菜','爱吃蔬菜','69177258a06e4927b4639ab1684c3320','2016-05-13 00:00:00','fc99dddc853a4df59b028848a119109d','爱吃蔬菜');
insert  into `admin_tag`(`TAG_ID`,`NAME`,`EXPRESSION`,`CREATEBY`,`CREATEON`,`TAGCATEGORY_ID`,`DESCRIPTION`) values ('90db99b83db74f9b9c640fceda5e0bf1','抽烟','抽烟','69177258a06e4927b4639ab1684c3320','2016-05-13 00:00:00','f9437e2cb7294710b144da3b8758a8a4','抽烟');
insert  into `admin_tag`(`TAG_ID`,`NAME`,`EXPRESSION`,`CREATEBY`,`CREATEON`,`TAGCATEGORY_ID`,`DESCRIPTION`) values ('91f61af960a24bb99de8b73cfab8d78f','毫无鸭梨','毫无压力','69177258a06e4927b4639ab1684c3320','2016-05-13 00:00:00','183716452dd44cb7ac14df372e5b3822','毫无鸭梨');
insert  into `admin_tag`(`TAG_ID`,`NAME`,`EXPRESSION`,`CREATEBY`,`CREATEON`,`TAGCATEGORY_ID`,`DESCRIPTION`) values ('a05447bf97d1448c86b10ed05cf254c0','晚餐吃太饱','晚餐吃太饱','69177258a06e4927b4639ab1684c3320','2016-05-13 00:00:00','fc99dddc853a4df59b028848a119109d','晚餐吃太饱');
insert  into `admin_tag`(`TAG_ID`,`NAME`,`EXPRESSION`,`CREATEBY`,`CREATEON`,`TAGCATEGORY_ID`,`DESCRIPTION`) values ('a57f9e2665e5411c917a51fef183b462','每月不超过3次','每月不超过3次','69177258a06e4927b4639ab1684c3320','2016-05-13 00:00:00','26df92e13f5f467a81922b4d48d5c065','每月不超过3次');
insert  into `admin_tag`(`TAG_ID`,`NAME`,`EXPRESSION`,`CREATEBY`,`CREATEON`,`TAGCATEGORY_ID`,`DESCRIPTION`) values ('a77b85d594ff4a939991d5d69b6ff262','长时间看电视','长时间看电视','69177258a06e4927b4639ab1684c3320','2016-05-13 00:00:00','f9437e2cb7294710b144da3b8758a8a4','长时间看电视');
insert  into `admin_tag`(`TAG_ID`,`NAME`,`EXPRESSION`,`CREATEBY`,`CREATEON`,`TAGCATEGORY_ID`,`DESCRIPTION`) values ('ac7277a08c0c49bab8c009a1edcf369b','重口味','重口味','69177258a06e4927b4639ab1684c3320','2016-05-13 00:00:00','fc99dddc853a4df59b028848a119109d','重口味');
insert  into `admin_tag`(`TAG_ID`,`NAME`,`EXPRESSION`,`CREATEBY`,`CREATEON`,`TAGCATEGORY_ID`,`DESCRIPTION`) values ('b0be83d506b44b90a9123609d7cb1f04','几乎不动','几乎不动','69177258a06e4927b4639ab1684c3320','2016-05-13 00:00:00','ccb73c78c55143cb941464deae2afab1','几乎不动');
insert  into `admin_tag`(`TAG_ID`,`NAME`,`EXPRESSION`,`CREATEBY`,`CREATEON`,`TAGCATEGORY_ID`,`DESCRIPTION`) values ('ca0da9d846584810b28fd03d167ca07f','每天都乐呵','每天都乐呵','69177258a06e4927b4639ab1684c3320','2016-05-13 00:00:00','f47f9c7b42e84931b3eb98c808f51e85','每天都乐呵');
insert  into `admin_tag`(`TAG_ID`,`NAME`,`EXPRESSION`,`CREATEBY`,`CREATEON`,`TAGCATEGORY_ID`,`DESCRIPTION`) values ('cd6142dd6eed443681e31ce32ab12552','零食控','零食控','69177258a06e4927b4639ab1684c3320','2016-05-13 00:00:00','fc99dddc853a4df59b028848a119109d','零食控');
insert  into `admin_tag`(`TAG_ID`,`NAME`,`EXPRESSION`,`CREATEBY`,`CREATEON`,`TAGCATEGORY_ID`,`DESCRIPTION`) values ('d88e88b909884f15a07e8dfa989f35b4','生活单调','生活单调','69177258a06e4927b4639ab1684c3320','2016-05-13 00:00:00','f9437e2cb7294710b144da3b8758a8a4','生活单调');
insert  into `admin_tag`(`TAG_ID`,`NAME`,`EXPRESSION`,`CREATEBY`,`CREATEON`,`TAGCATEGORY_ID`,`DESCRIPTION`) values ('f168fa288237494492e298ce15689553','经常不开心','经常不开心','69177258a06e4927b4639ab1684c3320','2016-05-13 00:00:00','f47f9c7b42e84931b3eb98c808f51e85','经常不开心');
insert  into `admin_tag`(`TAG_ID`,`NAME`,`EXPRESSION`,`CREATEBY`,`CREATEON`,`TAGCATEGORY_ID`,`DESCRIPTION`) values ('f62fa71e12b44b1cbdc909c483d0f917','水果控','水果控','69177258a06e4927b4639ab1684c3320','2016-05-13 00:00:00','fc99dddc853a4df59b028848a119109d','水果控');
insert  into `admin_tag`(`TAG_ID`,`NAME`,`EXPRESSION`,`CREATEBY`,`CREATEON`,`TAGCATEGORY_ID`,`DESCRIPTION`) values ('fbf57759bbb2409bb4ffe80216e2abe8','一觉睡到天亮','一觉睡到天亮','69177258a06e4927b4639ab1684c3320','2016-05-13 00:00:00','3f7cafa2ef2f4a75b57c9a0c5b5dbdd3','一觉睡到天亮');

insert  into `admin_tagandarticle`(`id`,`tag_id`,`article_id`) values ('067ec138a79c435d951c689d069dff3f','3694ccf28e2646a8bd1305205dd5c881','250f603188da4b2f82578f5553656d7f');
insert  into `admin_tagandarticle`(`id`,`tag_id`,`article_id`) values ('73e2a236fcce4f519f0554e8b68ebe72','1c54656b372841919ce5b2db8b1934e1','250f603188da4b2f82578f5553656d7f');
insert  into `admin_tagandarticle`(`id`,`tag_id`,`article_id`) values ('b6675b7db18d49c198589fd8f145e419','a57f9e2665e5411c917a51fef183b462','250f603188da4b2f82578f5553656d7f');
insert  into `admin_tagandarticle`(`id`,`tag_id`,`article_id`) values ('bee0202aa65b4e3ab07288316d86b6f9','8bc86fadfb874c7bb32a28c736980022','250f603188da4b2f82578f5553656d7f');

insert  into `admin_tagcategory`(`TAGCATEGORY_ID`,`NAME`,`MATETYPE`,`ISEXCLUSIVE`,`CREATEBY`,`CREATEON`,`PARENT_ID`) values ('183716452dd44cb7ac14df372e5b3822','工作压力','工作压力情况',1,'69177258a06e4927b4639ab1684c3320','2016-05-13 00:00:00','0');
insert  into `admin_tagcategory`(`TAGCATEGORY_ID`,`NAME`,`MATETYPE`,`ISEXCLUSIVE`,`CREATEBY`,`CREATEON`,`PARENT_ID`) values ('26df92e13f5f467a81922b4d48d5c065','差旅情况','差旅情况',1,'69177258a06e4927b4639ab1684c3320','2016-05-13 00:00:00','0');
insert  into `admin_tagcategory`(`TAGCATEGORY_ID`,`NAME`,`MATETYPE`,`ISEXCLUSIVE`,`CREATEBY`,`CREATEON`,`PARENT_ID`) values ('3f7cafa2ef2f4a75b57c9a0c5b5dbdd3','睡眠情况','睡眠情况',1,'69177258a06e4927b4639ab1684c3320','2016-05-13 00:00:00','0');
insert  into `admin_tagcategory`(`TAGCATEGORY_ID`,`NAME`,`MATETYPE`,`ISEXCLUSIVE`,`CREATEBY`,`CREATEON`,`PARENT_ID`) values ('ccb73c78c55143cb941464deae2afab1','运动情况','运动状态',1,'69177258a06e4927b4639ab1684c3320','2016-05-13 00:00:00','0');
insert  into `admin_tagcategory`(`TAGCATEGORY_ID`,`NAME`,`MATETYPE`,`ISEXCLUSIVE`,`CREATEBY`,`CREATEON`,`PARENT_ID`) values ('f47f9c7b42e84931b3eb98c808f51e85','心情状态','心情及心理状态',1,'69177258a06e4927b4639ab1684c3320','2016-05-13 00:00:00','0');
insert  into `admin_tagcategory`(`TAGCATEGORY_ID`,`NAME`,`MATETYPE`,`ISEXCLUSIVE`,`CREATEBY`,`CREATEON`,`PARENT_ID`) values ('f9437e2cb7294710b144da3b8758a8a4','不良习性','抽烟、饮酒等',0,'69177258a06e4927b4639ab1684c3320','2016-05-13 00:00:00','0');
insert  into `admin_tagcategory`(`TAGCATEGORY_ID`,`NAME`,`MATETYPE`,`ISEXCLUSIVE`,`CREATEBY`,`CREATEON`,`PARENT_ID`) values ('fc99dddc853a4df59b028848a119109d','饮食习惯','判定饮食规律等',0,'69177258a06e4927b4639ab1684c3320','2016-05-13 00:00:00','0');

insert  into `exam_examcategory`(`EXAMCATEGORY_ID`,`NAME`,`DESCRIPTION`,`CREATEBY`,`CREATEON`,`PARENT_ID`) values ('2367969fd1a74e1c9f9dcad58536ee69','不含有X射线的影像学检查','彩超及核磁共振',NULL,NULL,'0');
insert  into `exam_examcategory`(`EXAMCATEGORY_ID`,`NAME`,`DESCRIPTION`,`CREATEBY`,`CREATEON`,`PARENT_ID`) values ('39eb8d624e134a61b3840e42989e6981','消化道内镜检查',' ',NULL,NULL,'8251643c780c483a9d8117ebf4134ce0');
insert  into `exam_examcategory`(`EXAMCATEGORY_ID`,`NAME`,`DESCRIPTION`,`CREATEBY`,`CREATEON`,`PARENT_ID`) values ('4d950c5fbc014782bcec2f265d400fc3','血清胃蛋白酶原（pepsinogen）检查','I    II    III',NULL,NULL,'9ce0916099ff4c2e8ef9bfa0e40fdce5');
insert  into `exam_examcategory`(`EXAMCATEGORY_ID`,`NAME`,`DESCRIPTION`,`CREATEBY`,`CREATEON`,`PARENT_ID`) values ('57733aeee8b14e33b964869debd385d0','肛门指检','肛门指检',NULL,NULL,'d8e7167d77cd455d80860ad5320798f6');
insert  into `exam_examcategory`(`EXAMCATEGORY_ID`,`NAME`,`DESCRIPTION`,`CREATEBY`,`CREATEON`,`PARENT_ID`) values ('8251643c780c483a9d8117ebf4134ce0','内镜检查','各种经自然腔道的侵入性内镜检查',NULL,NULL,'0');
insert  into `exam_examcategory`(`EXAMCATEGORY_ID`,`NAME`,`DESCRIPTION`,`CREATEBY`,`CREATEON`,`PARENT_ID`) values ('9ce0916099ff4c2e8ef9bfa0e40fdce5','血液检查',' ',NULL,NULL,'0');
insert  into `exam_examcategory`(`EXAMCATEGORY_ID`,`NAME`,`DESCRIPTION`,`CREATEBY`,`CREATEON`,`PARENT_ID`) values ('c14fbe12c6be4607bfabd5c0351c02ec','含有辐射的影像学检查','使用到放射性同位素的检查',NULL,NULL,'0');
insert  into `exam_examcategory`(`EXAMCATEGORY_ID`,`NAME`,`DESCRIPTION`,`CREATEBY`,`CREATEON`,`PARENT_ID`) values ('d8e7167d77cd455d80860ad5320798f6','体格检查','包含无需辅助设备的一切检查',NULL,NULL,'0');
insert  into `exam_examcategory`(`EXAMCATEGORY_ID`,`NAME`,`DESCRIPTION`,`CREATEBY`,`CREATEON`,`PARENT_ID`) values ('e940100f17764db49cf79a8c8633df41','体液及代谢产物检查','尿液、大便、精液等',NULL,NULL,'0');
insert  into `exam_examcategory`(`EXAMCATEGORY_ID`,`NAME`,`DESCRIPTION`,`CREATEBY`,`CREATEON`,`PARENT_ID`) values ('f641f5f468504e438852934368c345ea','幽门螺旋杆菌抗体检测',' ',NULL,NULL,'9ce0916099ff4c2e8ef9bfa0e40fdce5');
insert  into `exam_examcategory`(`EXAMCATEGORY_ID`,`NAME`,`DESCRIPTION`,`CREATEBY`,`CREATEON`,`PARENT_ID`) values ('fbe086d3cf4a48359d90259bd95f870e','含有X射线的影像学检测','包含CT、X光等含有辐射的检测',NULL,NULL,'0');

insert  into `exam_examfrequency`(`EXAMFREQUENCY_ID`,`NAME`,`EXPRESSION`,`CREATEBY`,`CREATEON`) values ('1302e7c2ead24c83bc816ae38c398188','10年1次','10年1次','0183ed31711943ad9abf193b07bcc570','2016-05-11 00:00:00');
insert  into `exam_examfrequency`(`EXAMFREQUENCY_ID`,`NAME`,`EXPRESSION`,`CREATEBY`,`CREATEON`) values ('2d61e9b6ab194971a8f65921ecc87eee','2年1次','2年1次','0183ed31711943ad9abf193b07bcc570','2016-05-11 00:00:00');
insert  into `exam_examfrequency`(`EXAMFREQUENCY_ID`,`NAME`,`EXPRESSION`,`CREATEBY`,`CREATEON`) values ('5f26831a642849fab44579a3fe9c7084','3月1次','3月1次','0183ed31711943ad9abf193b07bcc570','2016-05-11 00:00:00');
insert  into `exam_examfrequency`(`EXAMFREQUENCY_ID`,`NAME`,`EXPRESSION`,`CREATEBY`,`CREATEON`) values ('79e6b6d5ee364e17b6a72d202af7003c','1年1次','1年1次','0183ed31711943ad9abf193b07bcc570','2016-05-11 00:00:00');
insert  into `exam_examfrequency`(`EXAMFREQUENCY_ID`,`NAME`,`EXPRESSION`,`CREATEBY`,`CREATEON`) values ('7aac354c4238414a83da7fe2cbbb5f70','6月1次','6月1次','0183ed31711943ad9abf193b07bcc570','2016-05-11 00:00:00');
insert  into `exam_examfrequency`(`EXAMFREQUENCY_ID`,`NAME`,`EXPRESSION`,`CREATEBY`,`CREATEON`) values ('a4fca9ec6b314d889f54a54fcbf03bc7','6月至1年1次','6月至1年1次','0183ed31711943ad9abf193b07bcc570','2016-05-11 00:00:00');
insert  into `exam_examfrequency`(`EXAMFREQUENCY_ID`,`NAME`,`EXPRESSION`,`CREATEBY`,`CREATEON`) values ('bef717b8763d456db9c6f98b02e0e8cc','3年1次','3年1次','0183ed31711943ad9abf193b07bcc570','2016-05-11 00:00:00');
insert  into `exam_examfrequency`(`EXAMFREQUENCY_ID`,`NAME`,`EXPRESSION`,`CREATEBY`,`CREATEON`) values ('d0f5761d1c8c454b960cce7c6e753abe','5年至10年1次','5年至10年1次','0183ed31711943ad9abf193b07bcc570','2016-05-11 00:00:00');
insert  into `exam_examfrequency`(`EXAMFREQUENCY_ID`,`NAME`,`EXPRESSION`,`CREATEBY`,`CREATEON`) values ('fadaecaa412647f3b27f31103936f597','5年1次','5年1次','0183ed31711943ad9abf193b07bcc570','2016-05-11 00:00:00');

insert  into `exam_examguideline`(`EXAMGUIDELINE_ID`,`ORIGINATE`,`DESCRIPTION`,`CONCERNEDFACTORS`,`HIGHRISKDEFINE`,`HIGHRISKEXPRESSION`,`LOWRISKDEFINE`,`LOWRISKEXPRESSION`,`STATUS`,`CREATEBY`,`CREATEON`,`DISEASE_ID`,`NAME`) values ('1cfc1f8ff2dc4049b2422177cd3b9040',' 美国国家综合癌症网络(NCCN,National Comprehensive Cancer Network)',NULL,'1.吸烟史\n2.氡暴露史\n3.职业暴露：砒霜、铬、石棉、镍、镉、铍、硅、柴油烟雾（吸烟可以叠加）\n4.一级亲属罹患肺癌\n5.COPD及肺纤维化病史\n6.报警症状','年龄大于等于55岁，并且吸烟指数大于30支.年，戒烟时间小于15年\r\n或年龄大于50岁，并且吸烟指数大于20支.年，或包含任意一条危险因素（见关注因素）',NULL,'普通人群不推荐筛查',NULL,2,NULL,NULL,'d512d601abf64077ba881afb6b0de817','NCCN临床实践指南：肺癌筛查（2016.V2）');
insert  into `exam_examguideline`(`EXAMGUIDELINE_ID`,`ORIGINATE`,`DESCRIPTION`,`CONCERNEDFACTORS`,`HIGHRISKDEFINE`,`HIGHRISKEXPRESSION`,`LOWRISKDEFINE`,`LOWRISKEXPRESSION`,`STATUS`,`CREATEBY`,`CREATEON`,`DISEASE_ID`,`NAME`) values ('3841703bd931482fb3bc425b4178b813',' 中华医学会内镜学分会(CSDE,Chinese Society of Digestive Endoscopy) 中华医学会消化病学分会(CSGE,Chinese Society Of Gastroenterology)',NULL,'1.年龄\r\n2.结直肠腺瘤、锯齿状息肉及结直肠癌病史\r\n3.非特异性肠炎病史\r\n4.阳性家族史（Lynch综合征病史、多发性错构瘤综合征病史等）\r\n5.大便隐血实验结果\r\n6.具有以下两项及两项以上者：①慢性便秘；②黏液血便；③慢性腹泻；④慢性阑尾炎或阑尾切除史；⑤精神刺激史；⑥体重指数 (BMI) ＞28 kg/m2；⑦吸烟指数大于400只/年；慢性胆囊炎及胆囊切除史；慢性便秘指近2年来便秘每年在2个月以上','1.有便血、黑便、体重减轻、贫血等报警症状的人群\r\n2.大于50岁，包含：结直肠腺瘤、锯齿状息肉及结直肠癌病史；非特异性肠炎病史；阳性家族史（Lynch综合征病史、多发性错构瘤综合征病史等）可以理解为一级亲属有结直肠癌病史；大便隐血实验结果阳性；具有以下两项及两项以上者：①慢性便秘；②黏液血便；③慢性腹泻；④慢性阑尾炎或阑尾切除史；⑤精神刺激史；⑥体重指数 (BMI) ＞28 kg/m2；⑦吸烟指数大于400只/年；慢性胆囊炎及胆囊切除史；慢性便秘指近2年来便秘每年在2个月以上',NULL,'年龄大于等于50岁，无以上危险因素',NULL,2,NULL,NULL,'145909f7189e4aabade2564902f76f2c','2015 中国早期结直肠癌及癌前病变筛查与诊治共识');
insert  into `exam_examguideline`(`EXAMGUIDELINE_ID`,`ORIGINATE`,`DESCRIPTION`,`CONCERNEDFACTORS`,`HIGHRISKDEFINE`,`HIGHRISKEXPRESSION`,`LOWRISKDEFINE`,`LOWRISKEXPRESSION`,`STATUS`,`CREATEBY`,`CREATEON`,`DISEASE_ID`,`NAME`) values ('8a2b68cc6b054aa7a40b5763f14cec28','美国妇产科医师学会(ACOG,American College of Obstetricians and Gynecologists)',NULL,'1.人乳头瘤病毒感染；2.过早性生活；3.多个性伙伴；4.多产；5.丈夫婚外性行为；6.阴茎癌；7.社会经济条件差；8.营养不良；9.吸烟','1.大于等于21岁\r\n2.有性行为',NULL,'无',NULL,1,NULL,NULL,'96c7f45f8f6c44b9aa9047335f385b02','ACOG实践指南157号：宫颈癌的筛查和预防');
insert  into `exam_examguideline`(`EXAMGUIDELINE_ID`,`ORIGINATE`,`DESCRIPTION`,`CONCERNEDFACTORS`,`HIGHRISKDEFINE`,`HIGHRISKEXPRESSION`,`LOWRISKDEFINE`,`LOWRISKEXPRESSION`,`STATUS`,`CREATEBY`,`CREATEON`,`DISEASE_ID`,`NAME`) values ('9a1bac66a1b640c2b1e106ecd37797e9',' 美国国家综合癌症网络(NCCN,National Comprehensive Cancer Network)',NULL,'1.年龄\n2.是否有肝硬化\n3.饮酒\n4.乙型肝炎病毒感染\n5.丙型肝炎病毒感染\n6.非酒精性脂肪肝\n7.α1-抗胰蛋白酶缺乏症病史\n8.四期原发性胆汁性肝硬化病史\n9.遗传性血色病病史','1.各种原因导致的肝硬化患者\r\n2.乙肝携带者，男性大于等于40岁，女性大于等于50岁',NULL,'普通人群不推荐',NULL,18,NULL,NULL,'6c8ce194bbd1426da1170781819a890b','NCCN临床实践指南：肝癌（2016.V1）');
insert  into `exam_examguideline`(`EXAMGUIDELINE_ID`,`ORIGINATE`,`DESCRIPTION`,`CONCERNEDFACTORS`,`HIGHRISKDEFINE`,`HIGHRISKEXPRESSION`,`LOWRISKDEFINE`,`LOWRISKEXPRESSION`,`STATUS`,`CREATEBY`,`CREATEON`,`DISEASE_ID`,`NAME`) values ('a1ccc6a220a4465f964195c539c1d365','中国癌症筛查及早诊早治技术方案 人民卫生出版社',NULL,'1.地区：高发地区：鼻咽癌死亡率＞3/10万的地区（中国标化）：广东、广西、福建、湖南、江西\r\n2.家族史：有家族聚集倾向，一级亲属罹患过鼻咽癌的；\r\n3.喜食咸鱼、腌制食物的、长期接触甲醛的\r\n4.高镍环境（存疑）','满足2和或3-4 条\r\n年龄大于等于30岁',NULL,'',NULL,1,NULL,NULL,'361a207e57464933a70c447376f4b8f2','鼻咽癌筛查及早诊早治指南');
insert  into `exam_examguideline`(`EXAMGUIDELINE_ID`,`ORIGINATE`,`DESCRIPTION`,`CONCERNEDFACTORS`,`HIGHRISKDEFINE`,`HIGHRISKEXPRESSION`,`LOWRISKDEFINE`,`LOWRISKEXPRESSION`,`STATUS`,`CREATEBY`,`CREATEON`,`DISEASE_ID`,`NAME`) values ('a26efd48e9484b22b8bf7477f7656630','美国国家综合癌症网络(NCCN,National Comprehensive Cancer Network)',NULL,'1.年龄\r\n2.家族史（一级亲属罹患前列腺癌）','年龄大于等于45岁',NULL,'',NULL,1,NULL,NULL,'e301591d7cb24381b364fb9f43ad864e','NCCN临床实践指南：前列腺癌早期检测（2016.V1）');
insert  into `exam_examguideline`(`EXAMGUIDELINE_ID`,`ORIGINATE`,`DESCRIPTION`,`CONCERNEDFACTORS`,`HIGHRISKDEFINE`,`HIGHRISKEXPRESSION`,`LOWRISKDEFINE`,`LOWRISKEXPRESSION`,`STATUS`,`CREATEBY`,`CREATEON`,`DISEASE_ID`,`NAME`) values ('a5c0a4318fb547c7bcf015480b2ca8c4',' 中国抗癌协会乳腺癌专业委员会(CACA-CBCS,Chinese Anti-Cancer Association, Committee of Breast Cancer Society)',NULL,'确定性因素：1.年龄；2.性别；3.绝经后体重增加 BMI≥30kg/m2或增加10公斤；4.高身材，身高大于175cm；5.雌激素水平（高内源性雌激素水平）；6.骨密度（升高者发病率升高）；7.良性乳腺疾病史；8.长期使用外源性雌激素；9.初潮较早或绝经较晚；10.未产妇及首次初产年龄大于等于35岁；11.乳腺癌个人史；12.一级亲属罹患乳腺癌；13.饮酒；14.吸烟；15.夜班工作；16.暴露于治疗性电离辐射；17.是否哺乳；18.大豆/植物雌激素应用；19.体育锻炼；\n不确定性因素：未录入','1.有明显的乳腺癌遗传倾向者\r\n2.既往有乳腺良恶性疾病患者\r\n3.既往行胸部放疗',NULL,'无',NULL,1,NULL,NULL,'be36269e1960417a8fe60ed93fd465d3','中国抗癌协会乳腺癌诊治指南与规范（2015版）');
insert  into `exam_examguideline`(`EXAMGUIDELINE_ID`,`ORIGINATE`,`DESCRIPTION`,`CONCERNEDFACTORS`,`HIGHRISKDEFINE`,`HIGHRISKEXPRESSION`,`LOWRISKDEFINE`,`LOWRISKEXPRESSION`,`STATUS`,`CREATEBY`,`CREATEON`,`DISEASE_ID`,`NAME`) values ('b324470469f449a883059bebbc195bea',' 中华医学会内镜学分会(CSDE,Chinese Society of Digestive Endoscopy) 中国抗癌协会(Chinese Anti-cancer Association) 中国抗癌协会肿瘤内镜专业委员会',NULL,'1.性别：\r\n2.年龄\r\n3.饮食：加盐腌制蔬菜或烟熏肉和鱼。\r\n4.吸烟\r\n5.治疗：接受过胃部手术。\r\n6.癌前疾病：慢性萎缩性胃炎、胃溃疡、胃息肉。\r\n7.家族肿瘤疾病史：包括家族胃癌史，遗传性非息肉性肠癌，家族性腺瘤性息肉等遗传性疾病等。\r\n8.恶性贫血。\r\n9.肥胖：超过正常体重20～25公斤\r\n10.经济状况：经济较差的地区，胃癌的发病率较高。\r\n11.是否有贫血、消瘦、消化道出血、呕吐、上腹部不适、上腹部肿块.来源:2013卫计委胃癌规范化诊疗指南（试行）',' 男女不限，年龄大于等于40岁，满足一下任意一条：\n1.胃癌高发地区人群\n2.幽门螺旋杆菌感染感染\n3.既往患有慢性萎缩性胃炎等胃癌癌前病变\n4.一级亲属罹患胃癌\n5.存在胃癌其它高危因素（吸烟、重度饮酒、高盐、腌制饮食等）',NULL,' ',NULL,1,NULL,NULL,'e613c52489824f9c8c51bf55d2b8cddb','中国早期胃癌筛查及内镜诊治共识意见（2014年，长沙）');
insert  into `exam_examguideline`(`EXAMGUIDELINE_ID`,`ORIGINATE`,`DESCRIPTION`,`CONCERNEDFACTORS`,`HIGHRISKDEFINE`,`HIGHRISKEXPRESSION`,`LOWRISKDEFINE`,`LOWRISKEXPRESSION`,`STATUS`,`CREATEBY`,`CREATEON`,`DISEASE_ID`,`NAME`) values ('e00f9b2d6bee4dc7aeb0d821f8ac068d','中华医学会消化内镜学分会消化系早癌内镜诊断与治疗协作组,中华医学会消化病学分会消化道肿瘤协作组,中华医学会消化病学分会消化病理学组',NULL,'将55～74岁的一般风险人群、40～74岁的高风险人群以及家族史不详的人群作为内镜筛查的目标人群。\n①长期居住于食管鳞癌高发区；②一级亲属有食管鳞癌病史；③既往有食管病变史(食管上皮内瘤变)；④本人有癌症史；⑤长期吸烟史；⑥长期饮酒史；⑦有不良饮食习惯如进食快、热烫饮食、高盐饮食、进食腌菜者。','有以上任意1条者视为高危人群',NULL,'一般风险人群：无上述任意1条者。',NULL,5,NULL,NULL,'bb1a5c5baed54286ad3d097ad0bc8622','中国早期食管鳞状细胞癌及癌前病变筛查与诊治共识（2015年，北京）');

insert  into `exam_examitem`(`EXAMITEM_ID`,`NAME`,`DESCRIPTION`,`CREATEBY`,`CREATEON`,`EXAMCATEGORY_ID`,`EXAMITEM_PARENT_ID`) values ('28a765aad90d41a38fea1ab8bbe6c7c6','胃镜检查','上消化道内镜检查',NULL,NULL,'39eb8d624e134a61b3840e42989e6981',NULL);
insert  into `exam_examitem`(`EXAMITEM_ID`,`NAME`,`DESCRIPTION`,`CREATEBY`,`CREATEON`,`EXAMCATEGORY_ID`,`EXAMITEM_PARENT_ID`) values ('38f627bc071d4f08872ec0a9cc39f81e','肛门指检','肛门指检',NULL,NULL,'57733aeee8b14e33b964869debd385d0',NULL);
insert  into `exam_examitem`(`EXAMITEM_ID`,`NAME`,`DESCRIPTION`,`CREATEBY`,`CREATEON`,`EXAMCATEGORY_ID`,`EXAMITEM_PARENT_ID`) values ('39ae9072d7b541b8a0c5bc3de5a7a77a','色素胃镜','上消化道色素内镜',NULL,NULL,'39eb8d624e134a61b3840e42989e6981',NULL);
insert  into `exam_examitem`(`EXAMITEM_ID`,`NAME`,`DESCRIPTION`,`CREATEBY`,`CREATEON`,`EXAMCATEGORY_ID`,`EXAMITEM_PARENT_ID`) values ('8000e65cf47944ce81f0d00462e191c5','血清胃蛋白酶原I',' ',NULL,NULL,'4d950c5fbc014782bcec2f265d400fc3',NULL);
insert  into `exam_examitem`(`EXAMITEM_ID`,`NAME`,`DESCRIPTION`,`CREATEBY`,`CREATEON`,`EXAMCATEGORY_ID`,`EXAMITEM_PARENT_ID`) values ('826ffee5612046c0ae1eea31257a466f','电子染色胃镜','上消化道电子染色内镜检查',NULL,NULL,'39eb8d624e134a61b3840e42989e6981',NULL);
insert  into `exam_examitem`(`EXAMITEM_ID`,`NAME`,`DESCRIPTION`,`CREATEBY`,`CREATEON`,`EXAMCATEGORY_ID`,`EXAMITEM_PARENT_ID`) values ('ec195f3e49694b34a7cb1eeab9cf7624','血清胃蛋白酶原II',' ',NULL,NULL,'4d950c5fbc014782bcec2f265d400fc3',NULL);

insert  into `sys_app_user`(`USER_ID`,`USERNAME`,`PASSWORD`,`NAME`,`RIGHTS`,`ROLE_ID`,`LAST_LOGIN`,`IP`,`STATUS`,`BZ`,`PHONE`,`SFID`,`START_TIME`,`END_TIME`,`YEARS`,`NUMBER`,`EMAIL`,`SEX`,`BIRTHDAY`,`MARRIAGESTATUS`,`HEIGHT`,`WEIGHT`,`BIRTHPLACE`,`LIVEPLACE`,`CAREER`,`DEGREE`,`OPENID`,`AVATAR`,`CREATEBY`,`CREATEON`) values ('0e589df1ee70439e9af5a11e642dd1c7','13678189384',NULL,'老妈',NULL,'1b67fc82ce89457a8347ae53e43a347e','2016-05-12 21:27:40',NULL,'1',NULL,'13678189384',NULL,NULL,NULL,NULL,NULL,NULL,'男',NULL,'未婚',NULL,NULL,'北京市,北京市','北京市,北京市','IT|通信|电子|互联网','小学',NULL,'../images/defaultimg.png',NULL,'2016-05-12 21:27:40');
insert  into `sys_app_user`(`USER_ID`,`USERNAME`,`PASSWORD`,`NAME`,`RIGHTS`,`ROLE_ID`,`LAST_LOGIN`,`IP`,`STATUS`,`BZ`,`PHONE`,`SFID`,`START_TIME`,`END_TIME`,`YEARS`,`NUMBER`,`EMAIL`,`SEX`,`BIRTHDAY`,`MARRIAGESTATUS`,`HEIGHT`,`WEIGHT`,`BIRTHPLACE`,`LIVEPLACE`,`CAREER`,`DEGREE`,`OPENID`,`AVATAR`,`CREATEBY`,`CREATEON`) values ('1a9ff363ec5244d5b8234c29dd2dcd56','15327579643',NULL,NULL,NULL,'1b67fc82ce89457a8347ae53e43a347e','2016-05-12 23:17:49',NULL,'1',NULL,'15327579643',NULL,NULL,NULL,NULL,NULL,NULL,'男',NULL,'未婚',NULL,NULL,'北京市,北京市','北京市,北京市','IT|通信|电子|互联网','小学',NULL,'../images/defaultimg.png',NULL,'2016-05-12 23:17:49');
insert  into `sys_app_user`(`USER_ID`,`USERNAME`,`PASSWORD`,`NAME`,`RIGHTS`,`ROLE_ID`,`LAST_LOGIN`,`IP`,`STATUS`,`BZ`,`PHONE`,`SFID`,`START_TIME`,`END_TIME`,`YEARS`,`NUMBER`,`EMAIL`,`SEX`,`BIRTHDAY`,`MARRIAGESTATUS`,`HEIGHT`,`WEIGHT`,`BIRTHPLACE`,`LIVEPLACE`,`CAREER`,`DEGREE`,`OPENID`,`AVATAR`,`CREATEBY`,`CREATEON`) values ('355a0e6b6ffa44bdac9348072a3faa37','ces','9d89e27badedeba14a6e13bce87c9957','ces','','1b67fc82ce89457a8347ae53e43a347e','2016-05-17 17:05:13','','1','','','','','',0,'ces','ces@qq.com','','2016-05-17','',170,50,'','','','',NULL,NULL,NULL,NULL);
insert  into `sys_app_user`(`USER_ID`,`USERNAME`,`PASSWORD`,`NAME`,`RIGHTS`,`ROLE_ID`,`LAST_LOGIN`,`IP`,`STATUS`,`BZ`,`PHONE`,`SFID`,`START_TIME`,`END_TIME`,`YEARS`,`NUMBER`,`EMAIL`,`SEX`,`BIRTHDAY`,`MARRIAGESTATUS`,`HEIGHT`,`WEIGHT`,`BIRTHPLACE`,`LIVEPLACE`,`CAREER`,`DEGREE`,`OPENID`,`AVATAR`,`CREATEBY`,`CREATEON`) values ('4588d52d56204f7995a2bd4ed9379bda','13111111111',NULL,'钱啊',NULL,'1b67fc82ce89457a8347ae53e43a347e','2016-05-13 09:45:31',NULL,'1',NULL,'13111111111',NULL,NULL,NULL,NULL,NULL,NULL,'男','2016-05-26','未婚',121,52,'北京市,北京市','北京市,北京市','IT|通信|电子|互联网','小学',NULL,NULL,NULL,'2016-05-13 09:45:31');
insert  into `sys_app_user`(`USER_ID`,`USERNAME`,`PASSWORD`,`NAME`,`RIGHTS`,`ROLE_ID`,`LAST_LOGIN`,`IP`,`STATUS`,`BZ`,`PHONE`,`SFID`,`START_TIME`,`END_TIME`,`YEARS`,`NUMBER`,`EMAIL`,`SEX`,`BIRTHDAY`,`MARRIAGESTATUS`,`HEIGHT`,`WEIGHT`,`BIRTHPLACE`,`LIVEPLACE`,`CAREER`,`DEGREE`,`OPENID`,`AVATAR`,`CREATEBY`,`CREATEON`) values ('679ba1ba6a034e83bf32e56b2945fc0a','13222223333',NULL,'ssss',NULL,'1b67fc82ce89457a8347ae53e43a347e','2016-05-17 15:23:26',NULL,'1',NULL,'13222223333',NULL,NULL,NULL,NULL,NULL,NULL,'男','2016-05-18','未婚',NULL,NULL,'北京市,北京市','北京市,北京市','IT|通信|电子|互联网','小学',NULL,NULL,NULL,'2016-05-17 15:23:26');
insert  into `sys_app_user`(`USER_ID`,`USERNAME`,`PASSWORD`,`NAME`,`RIGHTS`,`ROLE_ID`,`LAST_LOGIN`,`IP`,`STATUS`,`BZ`,`PHONE`,`SFID`,`START_TIME`,`END_TIME`,`YEARS`,`NUMBER`,`EMAIL`,`SEX`,`BIRTHDAY`,`MARRIAGESTATUS`,`HEIGHT`,`WEIGHT`,`BIRTHPLACE`,`LIVEPLACE`,`CAREER`,`DEGREE`,`OPENID`,`AVATAR`,`CREATEBY`,`CREATEON`) values ('7baab88af16c4c1f9b135b431faddd9b','13245676543',NULL,NULL,NULL,'1b67fc82ce89457a8347ae53e43a347e','2016-05-12 23:17:14',NULL,'1',NULL,'13245676543',NULL,NULL,NULL,NULL,NULL,NULL,'男',NULL,'未婚',NULL,NULL,'北京市,北京市','北京市,北京市','IT|通信|电子|互联网','小学',NULL,'../images/defaultimg.png',NULL,'2016-05-12 23:17:14');
insert  into `sys_app_user`(`USER_ID`,`USERNAME`,`PASSWORD`,`NAME`,`RIGHTS`,`ROLE_ID`,`LAST_LOGIN`,`IP`,`STATUS`,`BZ`,`PHONE`,`SFID`,`START_TIME`,`END_TIME`,`YEARS`,`NUMBER`,`EMAIL`,`SEX`,`BIRTHDAY`,`MARRIAGESTATUS`,`HEIGHT`,`WEIGHT`,`BIRTHPLACE`,`LIVEPLACE`,`CAREER`,`DEGREE`,`OPENID`,`AVATAR`,`CREATEBY`,`CREATEON`) values ('7d4625fc69eb48aca82d83103a33f882','18981408601',NULL,'袁晨',NULL,'1b67fc82ce89457a8347ae53e43a347e','2016-05-19 15:01:19',NULL,'1',NULL,'18981408601',NULL,NULL,NULL,NULL,NULL,NULL,NULL,NULL,NULL,NULL,NULL,NULL,NULL,NULL,NULL,'o8NoVwgE-JJvYHeV548LsGAG0S1k','http://wx.qlogo.cn/mmopen/ibKHP1TZZeXIOkhEsicR5MWPxu0J4RQrk4lVDibJMs0gcbPPst3cFic23G3C7E5pDq3sTp9B5wGQSWNlWAkNziacibeE9Zwr4YcWzg/0',NULL,'2016-05-19 15:01:19');
insert  into `sys_app_user`(`USER_ID`,`USERNAME`,`PASSWORD`,`NAME`,`RIGHTS`,`ROLE_ID`,`LAST_LOGIN`,`IP`,`STATUS`,`BZ`,`PHONE`,`SFID`,`START_TIME`,`END_TIME`,`YEARS`,`NUMBER`,`EMAIL`,`SEX`,`BIRTHDAY`,`MARRIAGESTATUS`,`HEIGHT`,`WEIGHT`,`BIRTHPLACE`,`LIVEPLACE`,`CAREER`,`DEGREE`,`OPENID`,`AVATAR`,`CREATEBY`,`CREATEON`) values ('80a1a7294da440dcad338480047eac22','18581925428',NULL,'Uu Liu',NULL,'1b67fc82ce89457a8347ae53e43a347e','2016-05-12 17:47:02',NULL,'1',NULL,'18581925428',NULL,NULL,NULL,NULL,NULL,NULL,NULL,NULL,NULL,NULL,NULL,NULL,NULL,NULL,NULL,'o8NoVwsmKGtBpfvSL7-T1C9WORcU','../images/defaultimg.png',NULL,'2016-05-12 17:47:02');
insert  into `sys_app_user`(`USER_ID`,`USERNAME`,`PASSWORD`,`NAME`,`RIGHTS`,`ROLE_ID`,`LAST_LOGIN`,`IP`,`STATUS`,`BZ`,`PHONE`,`SFID`,`START_TIME`,`END_TIME`,`YEARS`,`NUMBER`,`EMAIL`,`SEX`,`BIRTHDAY`,`MARRIAGESTATUS`,`HEIGHT`,`WEIGHT`,`BIRTHPLACE`,`LIVEPLACE`,`CAREER`,`DEGREE`,`OPENID`,`AVATAR`,`CREATEBY`,`CREATEON`) values ('a38cc53e7b494b7699e8bb2f8eddaf58','18981409601',NULL,'哈哈',NULL,'1b67fc82ce89457a8347ae53e43a347e','2016-05-16 09:20:58',NULL,'1',NULL,'18981409601',NULL,NULL,NULL,NULL,NULL,NULL,'男','2016-05-18','未婚',NULL,NULL,'北京市,北京市','北京市,北京市','IT|通信|电子|互联网','小学',NULL,NULL,NULL,'2016-05-16 09:20:58');
insert  into `sys_app_user`(`USER_ID`,`USERNAME`,`PASSWORD`,`NAME`,`RIGHTS`,`ROLE_ID`,`LAST_LOGIN`,`IP`,`STATUS`,`BZ`,`PHONE`,`SFID`,`START_TIME`,`END_TIME`,`YEARS`,`NUMBER`,`EMAIL`,`SEX`,`BIRTHDAY`,`MARRIAGESTATUS`,`HEIGHT`,`WEIGHT`,`BIRTHPLACE`,`LIVEPLACE`,`CAREER`,`DEGREE`,`OPENID`,`AVATAR`,`CREATEBY`,`CREATEON`) values ('b1a76a9b56d340c394167df18270b8f1','18282525252',NULL,'hh',NULL,'1b67fc82ce89457a8347ae53e43a347e','2016-05-17 17:41:58',NULL,'1',NULL,'18282525252',NULL,NULL,NULL,NULL,NULL,NULL,'男',NULL,'未婚',NULL,NULL,'北京市,北京市','北京市,北京市','IT|通信|电子|互联网','小学',NULL,NULL,NULL,'2016-05-17 17:41:58');
insert  into `sys_app_user`(`USER_ID`,`USERNAME`,`PASSWORD`,`NAME`,`RIGHTS`,`ROLE_ID`,`LAST_LOGIN`,`IP`,`STATUS`,`BZ`,`PHONE`,`SFID`,`START_TIME`,`END_TIME`,`YEARS`,`NUMBER`,`EMAIL`,`SEX`,`BIRTHDAY`,`MARRIAGESTATUS`,`HEIGHT`,`WEIGHT`,`BIRTHPLACE`,`LIVEPLACE`,`CAREER`,`DEGREE`,`OPENID`,`AVATAR`,`CREATEBY`,`CREATEON`) values ('bb7517379c024717928d761a7809f8b3','18788888888',NULL,NULL,NULL,'1b67fc82ce89457a8347ae53e43a347e','2016-05-18 11:06:41',NULL,'1',NULL,'18788888888',NULL,NULL,NULL,NULL,NULL,NULL,NULL,NULL,NULL,NULL,NULL,NULL,NULL,NULL,NULL,'aaa',NULL,NULL,'2016-05-18 11:06:41');
insert  into `sys_app_user`(`USER_ID`,`USERNAME`,`PASSWORD`,`NAME`,`RIGHTS`,`ROLE_ID`,`LAST_LOGIN`,`IP`,`STATUS`,`BZ`,`PHONE`,`SFID`,`START_TIME`,`END_TIME`,`YEARS`,`NUMBER`,`EMAIL`,`SEX`,`BIRTHDAY`,`MARRIAGESTATUS`,`HEIGHT`,`WEIGHT`,`BIRTHPLACE`,`LIVEPLACE`,`CAREER`,`DEGREE`,`OPENID`,`AVATAR`,`CREATEBY`,`CREATEON`) values ('c6f7524fa23d47b1bf3f0128f64e50c6','13678189382',NULL,'Qingchun',NULL,'1b67fc82ce89457a8347ae53e43a347e','2016-05-13 19:23:37',NULL,'1',NULL,'13678189382',NULL,NULL,NULL,NULL,NULL,NULL,'男',NULL,'未婚',170,63,'北京市,北京市','北京市,北京市','IT|通信|电子|互联网','小学','o8NoVwpRDxhQ9anyjL9CZEa0zWcY','http://wx.qlogo.cn/mmopen/kt2iahtM1niaFSKNviaTmAtFNibEHJcXzgWHaJCkqAg4IoHPrCezp2ne6skgf78JnfK6vnhxOBpJg9KEzn5LP5GWDPibLwv9Ns9bL/0',NULL,'2016-05-13 19:23:37');
insert  into `sys_app_user`(`USER_ID`,`USERNAME`,`PASSWORD`,`NAME`,`RIGHTS`,`ROLE_ID`,`LAST_LOGIN`,`IP`,`STATUS`,`BZ`,`PHONE`,`SFID`,`START_TIME`,`END_TIME`,`YEARS`,`NUMBER`,`EMAIL`,`SEX`,`BIRTHDAY`,`MARRIAGESTATUS`,`HEIGHT`,`WEIGHT`,`BIRTHPLACE`,`LIVEPLACE`,`CAREER`,`DEGREE`,`OPENID`,`AVATAR`,`CREATEBY`,`CREATEON`) values ('cd4d978845ac4f07a18528e7f821b1f6','13880114506',NULL,'小钱',NULL,'1b67fc82ce89457a8347ae53e43a347e','2016-05-13 09:45:17',NULL,'1',NULL,'13880114506',NULL,NULL,NULL,NULL,NULL,NULL,'男','2016-05-25','未婚',121,58,'北京市,北京市','北京市,北京市','IT|通信|电子|互联网','小学','o8NoVwrlRGgkwPxtzTJ0VX0Tn8q8',NULL,NULL,'2016-05-13 09:45:17');

insert  into `sys_app_user_and_family_disease`(`id`,`user_id`,`disease_id`) values ('177dc0927d904a1b90da0d2905ae66e6','0453deafa8114ce9a55f9245a87b709c','bb1a5c5baed54286ad3d097ad0bc8622');
insert  into `sys_app_user_and_family_disease`(`id`,`user_id`,`disease_id`) values ('1bf733def0764523a886e3da4babc4a5','210ec6ad6f2549b49a7e16cf5e504303','bb1a5c5baed54286ad3d097ad0bc8622');
insert  into `sys_app_user_and_family_disease`(`id`,`user_id`,`disease_id`) values ('20d74bd8181446c1b1e94a57cd547a14','0453deafa8114ce9a55f9245a87b709c','e613c52489824f9c8c51bf55d2b8cddb');
insert  into `sys_app_user_and_family_disease`(`id`,`user_id`,`disease_id`) values ('458080b10e754d8398f1225cdb2e5ffb','0453deafa8114ce9a55f9245a87b709c','145909f7189e4aabade2564902f76f2c');
insert  into `sys_app_user_and_family_disease`(`id`,`user_id`,`disease_id`) values ('53c27e3f5cb24799a1b58fd1955206f9','df86f13f6fd9424190ea4bdc10a83f0c','');
insert  into `sys_app_user_and_family_disease`(`id`,`user_id`,`disease_id`) values ('541c6a4733ce422b938647864df9d8fa','96ce03d996be4bed8489e30a0b8bc98e','145909f7189e4aabade2564902f76f2c');
insert  into `sys_app_user_and_family_disease`(`id`,`user_id`,`disease_id`) values ('59cb92ad1fbb4c16910a2e2a1996d344','0453deafa8114ce9a55f9245a87b709c','6c8ce194bbd1426da1170781819a890b');
insert  into `sys_app_user_and_family_disease`(`id`,`user_id`,`disease_id`) values ('5ceb1b1f3fc24786b9ca8ac4a1ccbf42','0453deafa8114ce9a55f9245a87b709c','d512d601abf64077ba881afb6b0de817');
insert  into `sys_app_user_and_family_disease`(`id`,`user_id`,`disease_id`) values ('77172d2c67264f1da771d0b65522897d','355a0e6b6ffa44bdac9348072a3faa37','83faa64fdebb4af7be83fe05ec2898d7');
insert  into `sys_app_user_and_family_disease`(`id`,`user_id`,`disease_id`) values ('820763bc313a4ea4bbb55b5fa15e0386','210ec6ad6f2549b49a7e16cf5e504303','2581ac8eef924352935347cad12a127d');
insert  into `sys_app_user_and_family_disease`(`id`,`user_id`,`disease_id`) values ('8cb276c69c254083b1f203d11d038ce9','210ec6ad6f2549b49a7e16cf5e504303','6c8ce194bbd1426da1170781819a890b');
insert  into `sys_app_user_and_family_disease`(`id`,`user_id`,`disease_id`) values ('8d00171912e04abe9cbfe68073af3cfd','0453deafa8114ce9a55f9245a87b709c','443726ff3f7b4f668d6ca4a412f2001a');
insert  into `sys_app_user_and_family_disease`(`id`,`user_id`,`disease_id`) values ('948d1f94c28949cc94be45be0131e30b','210ec6ad6f2549b49a7e16cf5e504303','d512d601abf64077ba881afb6b0de817');
insert  into `sys_app_user_and_family_disease`(`id`,`user_id`,`disease_id`) values ('99f811001a8d4916bc4f73698dab13a5','210ec6ad6f2549b49a7e16cf5e504303','af2b3396f5454bccaf0d5fb9327ce24d');
insert  into `sys_app_user_and_family_disease`(`id`,`user_id`,`disease_id`) values ('b5e4553f78de4bc087f2bd3eb7e8cfc4','0453deafa8114ce9a55f9245a87b709c','af2b3396f5454bccaf0d5fb9327ce24d');
insert  into `sys_app_user_and_family_disease`(`id`,`user_id`,`disease_id`) values ('b6e565a58c8f421babd34d04dbc07cba','0453deafa8114ce9a55f9245a87b709c','83faa64fdebb4af7be83fe05ec2898d7');
insert  into `sys_app_user_and_family_disease`(`id`,`user_id`,`disease_id`) values ('c1cf5c4484094012ada3497e8beb396f','c6f7524fa23d47b1bf3f0128f64e50c6','83faa64fdebb4af7be83fe05ec2898d7');
insert  into `sys_app_user_and_family_disease`(`id`,`user_id`,`disease_id`) values ('c9375eef11b146a9bbd20130c3efec93','0453deafa8114ce9a55f9245a87b709c','2581ac8eef924352935347cad12a127d');
insert  into `sys_app_user_and_family_disease`(`id`,`user_id`,`disease_id`) values ('dd3d5c221e9c4ce18e3acc8ed34b3fc6','cd4d978845ac4f07a18528e7f821b1f6','');
insert  into `sys_app_user_and_family_disease`(`id`,`user_id`,`disease_id`) values ('eadeaa2fd94747919bee52852b2c06c5','8f4d5167f172461eb73ac86237828dd3','');
insert  into `sys_app_user_and_family_disease`(`id`,`user_id`,`disease_id`) values ('f2094965849a40e0a4010f90e5adaa8b','0453deafa8114ce9a55f9245a87b709c','49bb5cf885a44d068f6cc839f44b0fe5');
insert  into `sys_app_user_and_family_disease`(`id`,`user_id`,`disease_id`) values ('f6d1eb1fbf6949f0b172c9e11419b63d','cd5150f3cc014ca8b38eca58ca40e536','49bb5cf885a44d068f6cc839f44b0fe5');
insert  into `sys_app_user_and_family_disease`(`id`,`user_id`,`disease_id`) values ('fb84da4e2ee4489493f2a8217a12d3b0','210ec6ad6f2549b49a7e16cf5e504303','49bb5cf885a44d068f6cc839f44b0fe5');

insert  into `sys_app_user_and_focus_disease`(`id`,`user_id`,`disease_id`) values ('053650099adb4e6b87f5a59bfa587eae','df86f13f6fd9424190ea4bdc10a83f0c','');
insert  into `sys_app_user_and_focus_disease`(`id`,`user_id`,`disease_id`) values ('069359b426c84ebca5db3ad3b0a46d86','210ec6ad6f2549b49a7e16cf5e504303','4128397e3ca24d9785da2d80c8aea6cc');
insert  into `sys_app_user_and_focus_disease`(`id`,`user_id`,`disease_id`) values ('09308370cf534ef0bc7a7b3c32e5c2ce','210ec6ad6f2549b49a7e16cf5e504303','d58141ace4fa4dd8868daa8864aed5ff');
insert  into `sys_app_user_and_focus_disease`(`id`,`user_id`,`disease_id`) values ('0c46c50384c6457d92cfede92186d5c4','0453deafa8114ce9a55f9245a87b709c','66e8a724efea4d1d8d54c900ffd1984b');
insert  into `sys_app_user_and_focus_disease`(`id`,`user_id`,`disease_id`) values ('1956319db3994ee1a123817510244503','0453deafa8114ce9a55f9245a87b709c','3e8727d3ca9349a58b4990edaa0db903');
insert  into `sys_app_user_and_focus_disease`(`id`,`user_id`,`disease_id`) values ('1f873987bf8a473b985743ee764d5c01','210ec6ad6f2549b49a7e16cf5e504303','96c7f45f8f6c44b9aa9047335f385b02');
insert  into `sys_app_user_and_focus_disease`(`id`,`user_id`,`disease_id`) values ('26745cac72ba47a69b72cf2c09fbeb4f','210ec6ad6f2549b49a7e16cf5e504303','6c8ce194bbd1426da1170781819a890b');
insert  into `sys_app_user_and_focus_disease`(`id`,`user_id`,`disease_id`) values ('27ce599e315a4ba6810e9a178c778aae','0453deafa8114ce9a55f9245a87b709c','2581ac8eef924352935347cad12a127d');
insert  into `sys_app_user_and_focus_disease`(`id`,`user_id`,`disease_id`) values ('32e1070e4986418da90ff8c77a044edd','210ec6ad6f2549b49a7e16cf5e504303','750ea039c8b24154b0017c9ba46ce0f5');
insert  into `sys_app_user_and_focus_disease`(`id`,`user_id`,`disease_id`) values ('3957b020d1484c288505bf1af1f4f7d7','0453deafa8114ce9a55f9245a87b709c','c2aef940bbc14bb598c88223d83c614b');
insert  into `sys_app_user_and_focus_disease`(`id`,`user_id`,`disease_id`) values ('420f3b602d58446781eb0efe3a70b3a0','0453deafa8114ce9a55f9245a87b709c','49bb5cf885a44d068f6cc839f44b0fe5');
insert  into `sys_app_user_and_focus_disease`(`id`,`user_id`,`disease_id`) values ('468d5c55b8d141768ff65f17e2e6c75a','0453deafa8114ce9a55f9245a87b709c','750ea039c8b24154b0017c9ba46ce0f5');
insert  into `sys_app_user_and_focus_disease`(`id`,`user_id`,`disease_id`) values ('4a83da75f9294fd6bb41f04d8f8104e8','0453deafa8114ce9a55f9245a87b709c','af2b3396f5454bccaf0d5fb9327ce24d');
insert  into `sys_app_user_and_focus_disease`(`id`,`user_id`,`disease_id`) values ('4c25fcc6726c47c0965ce258e356c39d','355a0e6b6ffa44bdac9348072a3faa37','96c7f45f8f6c44b9aa9047335f385b02');
insert  into `sys_app_user_and_focus_disease`(`id`,`user_id`,`disease_id`) values ('50167e046d6e41919290f503a22be8f6','0453deafa8114ce9a55f9245a87b709c','fb863969b48b4590ac9a1ce8580bda34');
insert  into `sys_app_user_and_focus_disease`(`id`,`user_id`,`disease_id`) values ('69eb478ef99f46618228a54fc7448c64','0453deafa8114ce9a55f9245a87b709c','6c8ce194bbd1426da1170781819a890b');
insert  into `sys_app_user_and_focus_disease`(`id`,`user_id`,`disease_id`) values ('6a2f29655ebc49349dde84a5edd85de6','0453deafa8114ce9a55f9245a87b709c','96c7f45f8f6c44b9aa9047335f385b02');
insert  into `sys_app_user_and_focus_disease`(`id`,`user_id`,`disease_id`) values ('716db577e867497395cb6303084ce5eb','210ec6ad6f2549b49a7e16cf5e504303','66e8a724efea4d1d8d54c900ffd1984b');
insert  into `sys_app_user_and_focus_disease`(`id`,`user_id`,`disease_id`) values ('71a8ac35134c45dd8c45e96762beb7e5','0453deafa8114ce9a55f9245a87b709c','d58141ace4fa4dd8868daa8864aed5ff');
insert  into `sys_app_user_and_focus_disease`(`id`,`user_id`,`disease_id`) values ('72c24a64e6e84a59b55df3d8e3b805be','0453deafa8114ce9a55f9245a87b709c','29dd3f1a0461496eb79bbb08f02b8ce8');
insert  into `sys_app_user_and_focus_disease`(`id`,`user_id`,`disease_id`) values ('7f88be3b58f148bd9664bb0fa41e312a','c6f7524fa23d47b1bf3f0128f64e50c6','29dd3f1a0461496eb79bbb08f02b8ce8');
insert  into `sys_app_user_and_focus_disease`(`id`,`user_id`,`disease_id`) values ('8091499b66e24548af004e05ba83ead7','0453deafa8114ce9a55f9245a87b709c','361a207e57464933a70c447376f4b8f2');
insert  into `sys_app_user_and_focus_disease`(`id`,`user_id`,`disease_id`) values ('8dbbddbcc1c0490bb6d15e29d6c2000c','355a0e6b6ffa44bdac9348072a3faa37','443726ff3f7b4f668d6ca4a412f2001a');
insert  into `sys_app_user_and_focus_disease`(`id`,`user_id`,`disease_id`) values ('94e6cf4825674475b3490b3184cfda9a','210ec6ad6f2549b49a7e16cf5e504303','c2aef940bbc14bb598c88223d83c614b');
insert  into `sys_app_user_and_focus_disease`(`id`,`user_id`,`disease_id`) values ('a6ed7aef1bab42f9b22fc1d08e117aab','96ce03d996be4bed8489e30a0b8bc98e','443726ff3f7b4f668d6ca4a412f2001a');
insert  into `sys_app_user_and_focus_disease`(`id`,`user_id`,`disease_id`) values ('ad6fc860ff9748a284d933a9c0efe1df','8f4d5167f172461eb73ac86237828dd3','');
insert  into `sys_app_user_and_focus_disease`(`id`,`user_id`,`disease_id`) values ('b2db34a1a77c4bc09080aa39e353ba69','210ec6ad6f2549b49a7e16cf5e504303','fb863969b48b4590ac9a1ce8580bda34');
insert  into `sys_app_user_and_focus_disease`(`id`,`user_id`,`disease_id`) values ('b7da8c581307475892bf1dbe3b49aaae','cd4d978845ac4f07a18528e7f821b1f6','481738c1e22b4e48abd4b37cf20359aa');
insert  into `sys_app_user_and_focus_disease`(`id`,`user_id`,`disease_id`) values ('b8e9435593e04d22b381e0eb0b9d641a','210ec6ad6f2549b49a7e16cf5e504303','361a207e57464933a70c447376f4b8f2');
insert  into `sys_app_user_and_focus_disease`(`id`,`user_id`,`disease_id`) values ('bbf35fdf95b644fab34ed19bb96dd056','0453deafa8114ce9a55f9245a87b709c','4128397e3ca24d9785da2d80c8aea6cc');
insert  into `sys_app_user_and_focus_disease`(`id`,`user_id`,`disease_id`) values ('c76bb0c296694f1aa5b0212de9e33752','210ec6ad6f2549b49a7e16cf5e504303','af2b3396f5454bccaf0d5fb9327ce24d');
insert  into `sys_app_user_and_focus_disease`(`id`,`user_id`,`disease_id`) values ('d968d163e6dc482bb6657f61df30326b','210ec6ad6f2549b49a7e16cf5e504303','49bb5cf885a44d068f6cc839f44b0fe5');
insert  into `sys_app_user_and_focus_disease`(`id`,`user_id`,`disease_id`) values ('f1aab720c3c6430abedc093774900d28','210ec6ad6f2549b49a7e16cf5e504303','29dd3f1a0461496eb79bbb08f02b8ce8');

insert  into `sys_app_user_and_personal_disease`(`id`,`user_id`,`disease_id`) values ('15ae4e9430f5400fa34b69c2a54bd607','0453deafa8114ce9a55f9245a87b709c','66e8a724efea4d1d8d54c900ffd1984b');
insert  into `sys_app_user_and_personal_disease`(`id`,`user_id`,`disease_id`) values ('223836671397420d8ba2cae2112a3054','0453deafa8114ce9a55f9245a87b709c','6e3256bed9694c11930bc5251ef42678');
insert  into `sys_app_user_and_personal_disease`(`id`,`user_id`,`disease_id`) values ('2d449e235e43444fb4d8a3338b2ab411','210ec6ad6f2549b49a7e16cf5e504303','6c8ce194bbd1426da1170781819a890b');
insert  into `sys_app_user_and_personal_disease`(`id`,`user_id`,`disease_id`) values ('386a425d65004611809ce43f8d619822','cd4d978845ac4f07a18528e7f821b1f6','4128397e3ca24d9785da2d80c8aea6cc');
insert  into `sys_app_user_and_personal_disease`(`id`,`user_id`,`disease_id`) values ('4b1c01a4f59f4bc7883d8d6322c713d5','0453deafa8114ce9a55f9245a87b709c','bb1a5c5baed54286ad3d097ad0bc8622');
insert  into `sys_app_user_and_personal_disease`(`id`,`user_id`,`disease_id`) values ('4ca53f2cc2944bbc974c2599bd48bcd7','210ec6ad6f2549b49a7e16cf5e504303','af2b3396f5454bccaf0d5fb9327ce24d');
insert  into `sys_app_user_and_personal_disease`(`id`,`user_id`,`disease_id`) values ('572f8a7ddc464675a2d34e66727d97c5','0453deafa8114ce9a55f9245a87b709c','443726ff3f7b4f668d6ca4a412f2001a');
insert  into `sys_app_user_and_personal_disease`(`id`,`user_id`,`disease_id`) values ('58b56c311ab4484ea4b98f8809fd6951','8f4d5167f172461eb73ac86237828dd3','');
insert  into `sys_app_user_and_personal_disease`(`id`,`user_id`,`disease_id`) values ('5b6303bdc90e4465b50909d638dfdc68','cd5150f3cc014ca8b38eca58ca40e536','66e8a724efea4d1d8d54c900ffd1984b');
insert  into `sys_app_user_and_personal_disease`(`id`,`user_id`,`disease_id`) values ('62f56aa6be5945a2aefbeae34a95a19a','96ce03d996be4bed8489e30a0b8bc98e','29dd3f1a0461496eb79bbb08f02b8ce8');
insert  into `sys_app_user_and_personal_disease`(`id`,`user_id`,`disease_id`) values ('662fb0b0def2476e8fb8f46a7f628b98','210ec6ad6f2549b49a7e16cf5e504303','49bb5cf885a44d068f6cc839f44b0fe5');
insert  into `sys_app_user_and_personal_disease`(`id`,`user_id`,`disease_id`) values ('6f0610dd25474334ae4a82740dba7464','355a0e6b6ffa44bdac9348072a3faa37','96c7f45f8f6c44b9aa9047335f385b02');
insert  into `sys_app_user_and_personal_disease`(`id`,`user_id`,`disease_id`) values ('7370580875a9423f8b5ab7fd2ee3fdfe','0453deafa8114ce9a55f9245a87b709c','4128397e3ca24d9785da2d80c8aea6cc');
insert  into `sys_app_user_and_personal_disease`(`id`,`user_id`,`disease_id`) values ('772b0199ec5b4ce68b024a15874a96e0','210ec6ad6f2549b49a7e16cf5e504303','67b14f7fb6164db38b34f9cecbc78a9e');
insert  into `sys_app_user_and_personal_disease`(`id`,`user_id`,`disease_id`) values ('779ea3fa7c12401da12633caec71cfad','0453deafa8114ce9a55f9245a87b709c','af2b3396f5454bccaf0d5fb9327ce24d');
insert  into `sys_app_user_and_personal_disease`(`id`,`user_id`,`disease_id`) values ('88892d3c3db0471a97c9fac558e096c6','210ec6ad6f2549b49a7e16cf5e504303','66e8a724efea4d1d8d54c900ffd1984b');
insert  into `sys_app_user_and_personal_disease`(`id`,`user_id`,`disease_id`) values ('8fbff64a01644d7faa317f7d2d1ee8b6','df86f13f6fd9424190ea4bdc10a83f0c','4128397e3ca24d9785da2d80c8aea6cc');
insert  into `sys_app_user_and_personal_disease`(`id`,`user_id`,`disease_id`) values ('938dc3a2a7d94facb1de2bf662a6c941','210ec6ad6f2549b49a7e16cf5e504303','8a5fd8556a8f470ca9ad276c3f7181cf');
insert  into `sys_app_user_and_personal_disease`(`id`,`user_id`,`disease_id`) values ('95d90797cc5c4a23a9043b66acf6c0d9','210ec6ad6f2549b49a7e16cf5e504303','443726ff3f7b4f668d6ca4a412f2001a');
insert  into `sys_app_user_and_personal_disease`(`id`,`user_id`,`disease_id`) values ('b0232b20f567497eb6ded018d7a39ae6','0453deafa8114ce9a55f9245a87b709c','96c7f45f8f6c44b9aa9047335f385b02');
insert  into `sys_app_user_and_personal_disease`(`id`,`user_id`,`disease_id`) values ('bbd0d1a42c43442bbd545f5e5bccd08d','210ec6ad6f2549b49a7e16cf5e504303','750ea039c8b24154b0017c9ba46ce0f5');
insert  into `sys_app_user_and_personal_disease`(`id`,`user_id`,`disease_id`) values ('c023aa19038647c2bd4fde93d90af297','0453deafa8114ce9a55f9245a87b709c','750ea039c8b24154b0017c9ba46ce0f5');
insert  into `sys_app_user_and_personal_disease`(`id`,`user_id`,`disease_id`) values ('c26eb8e30711458ca29c15f061a67bde','355a0e6b6ffa44bdac9348072a3faa37','443726ff3f7b4f668d6ca4a412f2001a');
insert  into `sys_app_user_and_personal_disease`(`id`,`user_id`,`disease_id`) values ('ce3d14b4767848c0b96afdd36cfd6b92','0453deafa8114ce9a55f9245a87b709c','49bb5cf885a44d068f6cc839f44b0fe5');
insert  into `sys_app_user_and_personal_disease`(`id`,`user_id`,`disease_id`) values ('cfdb7b36234d41cc9e79bd62efbb2ebe','0453deafa8114ce9a55f9245a87b709c','8a5fd8556a8f470ca9ad276c3f7181cf');
insert  into `sys_app_user_and_personal_disease`(`id`,`user_id`,`disease_id`) values ('d33f5be7d3044c628f16d00d150e427f','210ec6ad6f2549b49a7e16cf5e504303','6e3256bed9694c11930bc5251ef42678');
insert  into `sys_app_user_and_personal_disease`(`id`,`user_id`,`disease_id`) values ('de9676826cf946809d452374dae9fe51','210ec6ad6f2549b49a7e16cf5e504303','96c7f45f8f6c44b9aa9047335f385b02');
insert  into `sys_app_user_and_personal_disease`(`id`,`user_id`,`disease_id`) values ('e87e729b8d1b4debb9634eb875b14f0c','210ec6ad6f2549b49a7e16cf5e504303','bb1a5c5baed54286ad3d097ad0bc8622');
insert  into `sys_app_user_and_personal_disease`(`id`,`user_id`,`disease_id`) values ('ea0d1193ba504243bdda85cb0a400693','210ec6ad6f2549b49a7e16cf5e504303','4128397e3ca24d9785da2d80c8aea6cc');
insert  into `sys_app_user_and_personal_disease`(`id`,`user_id`,`disease_id`) values ('f3a3dc91f267421f95bf9d1c4a1e1f22','c6f7524fa23d47b1bf3f0128f64e50c6','2b8571eaf4c24a0db9f4411185cf3990');
insert  into `sys_app_user_and_personal_disease`(`id`,`user_id`,`disease_id`) values ('f87ddf46c318467d85598a5d2f580ade','0453deafa8114ce9a55f9245a87b709c','6c8ce194bbd1426da1170781819a890b');

insert  into `sys_app_user_and_tag`(`id`,`user_id`,`tag_id`) values ('0451c1a736ec44148413e3ee0ef471a1','96ce03d996be4bed8489e30a0b8bc98e','3ad6d3858f364f369f97e07c53b7c856');
insert  into `sys_app_user_and_tag`(`id`,`user_id`,`tag_id`) values ('052f962d6c4441a3b3e0a1a1cf9cdfd9','c6f7524fa23d47b1bf3f0128f64e50c6','5883c962678346c0b3924c423a36aa92');
insert  into `sys_app_user_and_tag`(`id`,`user_id`,`tag_id`) values ('08c7e563a8ff44fe9ec6589fc691f690','cd5150f3cc014ca8b38eca58ca40e536','03028006f9074fa9a015b90b9cb5dcee');
insert  into `sys_app_user_and_tag`(`id`,`user_id`,`tag_id`) values ('0d86c9ddecc44433a8ab760b98353535','96ce03d996be4bed8489e30a0b8bc98e','ca0da9d846584810b28fd03d167ca07f');
insert  into `sys_app_user_and_tag`(`id`,`user_id`,`tag_id`) values ('0f7f9734db064c388a59b8be4c4a069e','df86f13f6fd9424190ea4bdc10a83f0c','5883c962678346c0b3924c423a36aa92');
insert  into `sys_app_user_and_tag`(`id`,`user_id`,`tag_id`) values ('1762b18b68464d798fac478c040e0e0e','355a0e6b6ffa44bdac9348072a3faa37','a05447bf97d1448c86b10ed05cf254c0');
insert  into `sys_app_user_and_tag`(`id`,`user_id`,`tag_id`) values ('17958afaab734f66bbca099a0944479d','b1a76a9b56d340c394167df18270b8f1','3694ccf28e2646a8bd1305205dd5c881');
insert  into `sys_app_user_and_tag`(`id`,`user_id`,`tag_id`) values ('1e869d461dd141ad94a0e42e273c346d','8f4d5167f172461eb73ac86237828dd3','2688758add29451d8ad9fd8f83ccb34f');
insert  into `sys_app_user_and_tag`(`id`,`user_id`,`tag_id`) values ('1f68ad6368e142a99cd502605797fe9c','c6f7524fa23d47b1bf3f0128f64e50c6','1e3a6c9a18f94d4aad3224d8f3e92367');
insert  into `sys_app_user_and_tag`(`id`,`user_id`,`tag_id`) values ('20aae341f22e497d80f2f21087186a4f','8f4d5167f172461eb73ac86237828dd3','1e3a6c9a18f94d4aad3224d8f3e92367');
insert  into `sys_app_user_and_tag`(`id`,`user_id`,`tag_id`) values ('26baf7d17cc248fa902ce444ed598b9a','8f4d5167f172461eb73ac86237828dd3','90db99b83db74f9b9c640fceda5e0bf1');
insert  into `sys_app_user_and_tag`(`id`,`user_id`,`tag_id`) values ('2a2639172e5b4de3a77079fd186f9414','a38cc53e7b494b7699e8bb2f8eddaf58','1e3a6c9a18f94d4aad3224d8f3e92367');
insert  into `sys_app_user_and_tag`(`id`,`user_id`,`tag_id`) values ('2c51afffd3ad431091ce1912ad0db4ef','96ce03d996be4bed8489e30a0b8bc98e','3694ccf28e2646a8bd1305205dd5c881');
insert  into `sys_app_user_and_tag`(`id`,`user_id`,`tag_id`) values ('2db40f31faa7455e80d0d23455a85c43','8f4d5167f172461eb73ac86237828dd3','3ad6d3858f364f369f97e07c53b7c856');
insert  into `sys_app_user_and_tag`(`id`,`user_id`,`tag_id`) values ('34c742752764456c9a3356b4a6327b71','a38cc53e7b494b7699e8bb2f8eddaf58','734fe6ffd73a4287bac44abb92def943');
insert  into `sys_app_user_and_tag`(`id`,`user_id`,`tag_id`) values ('36600d3f43774c34ba964cf0f500e88e','96ce03d996be4bed8489e30a0b8bc98e','a77b85d594ff4a939991d5d69b6ff262');
insert  into `sys_app_user_and_tag`(`id`,`user_id`,`tag_id`) values ('36d5fb69c32e4a8aa34714e4c53263e3','355a0e6b6ffa44bdac9348072a3faa37','100d5bd1dd8a4efb8b4ee2a34cedecf0');
insert  into `sys_app_user_and_tag`(`id`,`user_id`,`tag_id`) values ('3a27ac34aede4609878e706d80715c26','355a0e6b6ffa44bdac9348072a3faa37','8cb571cbbab54327af4ed399d013f5f0');
insert  into `sys_app_user_and_tag`(`id`,`user_id`,`tag_id`) values ('4186743d5666447f8cbea1e0c35a96ce','df86f13f6fd9424190ea4bdc10a83f0c','a77b85d594ff4a939991d5d69b6ff262');
insert  into `sys_app_user_and_tag`(`id`,`user_id`,`tag_id`) values ('4850507a125247d6aaf30229ce68ed89','df86f13f6fd9424190ea4bdc10a83f0c','8bc86fadfb874c7bb32a28c736980022');
insert  into `sys_app_user_and_tag`(`id`,`user_id`,`tag_id`) values ('49c9058aaeaa4c54bd686f9c33371226','96ce03d996be4bed8489e30a0b8bc98e','2688758add29451d8ad9fd8f83ccb34f');
insert  into `sys_app_user_and_tag`(`id`,`user_id`,`tag_id`) values ('4bccd5b4dc69499895b711ca5cfd28a5','96ce03d996be4bed8489e30a0b8bc98e','6f8ddaa7c5354ec8b35d7323c3c9e2ed');
insert  into `sys_app_user_and_tag`(`id`,`user_id`,`tag_id`) values ('50f7ff4f679947f0a089e5d5c068a334','a38cc53e7b494b7699e8bb2f8eddaf58','03028006f9074fa9a015b90b9cb5dcee');
insert  into `sys_app_user_and_tag`(`id`,`user_id`,`tag_id`) values ('53eec00654274089a6d9cb83ef12e1c1','df86f13f6fd9424190ea4bdc10a83f0c','24f0048b3d3142f08f9b30be14d444e3');
insert  into `sys_app_user_and_tag`(`id`,`user_id`,`tag_id`) values ('5a952dabdfb64c09a9658df1b211a5ec','c6f7524fa23d47b1bf3f0128f64e50c6','787a257acd784f87b9f7d8a8ab55cf34');
insert  into `sys_app_user_and_tag`(`id`,`user_id`,`tag_id`) values ('5b0942cc0e8a4fcc8d426db7471aab41','0453deafa8114ce9a55f9245a87b709c','2688758add29451d8ad9fd8f83ccb34f');
insert  into `sys_app_user_and_tag`(`id`,`user_id`,`tag_id`) values ('5c93e0e1e43d4173bc98f5ab37a2d8d9','b1a76a9b56d340c394167df18270b8f1','ca0da9d846584810b28fd03d167ca07f');
insert  into `sys_app_user_and_tag`(`id`,`user_id`,`tag_id`) values ('61019d2279f049988ed4e5b2199bab79','8f4d5167f172461eb73ac86237828dd3','f168fa288237494492e298ce15689553');
insert  into `sys_app_user_and_tag`(`id`,`user_id`,`tag_id`) values ('6c35a0f2b8c24f5fafa86eb67f2d5c3d','b1a76a9b56d340c394167df18270b8f1','24f0048b3d3142f08f9b30be14d444e3');
insert  into `sys_app_user_and_tag`(`id`,`user_id`,`tag_id`) values ('6eef334de01d47df81a0165df9c1a55d','c6f7524fa23d47b1bf3f0128f64e50c6','82ef76c2a88645da8ee80dcf6a144cc8');
insert  into `sys_app_user_and_tag`(`id`,`user_id`,`tag_id`) values ('758d4f83a7cd47c6a1dd295c7af952a8','355a0e6b6ffa44bdac9348072a3faa37','734fe6ffd73a4287bac44abb92def943');
insert  into `sys_app_user_and_tag`(`id`,`user_id`,`tag_id`) values ('78299892ffc3431b900bf28d4f71b9d6','a38cc53e7b494b7699e8bb2f8eddaf58','001bee864d1746b68d2e032a5dfd5284');
insert  into `sys_app_user_and_tag`(`id`,`user_id`,`tag_id`) values ('7ed18e73cc374ff18ede565788245603','8f4d5167f172461eb73ac86237828dd3','b0be83d506b44b90a9123609d7cb1f04');
insert  into `sys_app_user_and_tag`(`id`,`user_id`,`tag_id`) values ('7f4794976199436ba8806654352b9835','355a0e6b6ffa44bdac9348072a3faa37','f62fa71e12b44b1cbdc909c483d0f917');
insert  into `sys_app_user_and_tag`(`id`,`user_id`,`tag_id`) values ('81692504126e414ca4d2efeffa697413','0453deafa8114ce9a55f9245a87b709c','cd6142dd6eed443681e31ce32ab12552');
insert  into `sys_app_user_and_tag`(`id`,`user_id`,`tag_id`) values ('893cb26d66934929b314d310904b650e','c6f7524fa23d47b1bf3f0128f64e50c6','001bee864d1746b68d2e032a5dfd5284');
insert  into `sys_app_user_and_tag`(`id`,`user_id`,`tag_id`) values ('95b8d06b81a84992aea99e471d98ba8c','df86f13f6fd9424190ea4bdc10a83f0c','2688758add29451d8ad9fd8f83ccb34f');
insert  into `sys_app_user_and_tag`(`id`,`user_id`,`tag_id`) values ('9a7173a398e44817a69d77f3805bfa4b','c6f7524fa23d47b1bf3f0128f64e50c6','3694ccf28e2646a8bd1305205dd5c881');
insert  into `sys_app_user_and_tag`(`id`,`user_id`,`tag_id`) values ('a1670eda5cdc46a3b1c3ec20a5f12590','96ce03d996be4bed8489e30a0b8bc98e','b0be83d506b44b90a9123609d7cb1f04');
insert  into `sys_app_user_and_tag`(`id`,`user_id`,`tag_id`) values ('a2210daee81e4eb5864fa0713b1b92fc','96ce03d996be4bed8489e30a0b8bc98e','8cb571cbbab54327af4ed399d013f5f0');
insert  into `sys_app_user_and_tag`(`id`,`user_id`,`tag_id`) values ('a35f58e4fa46436ba1f626b152fef2cd','355a0e6b6ffa44bdac9348072a3faa37','cd6142dd6eed443681e31ce32ab12552');
insert  into `sys_app_user_and_tag`(`id`,`user_id`,`tag_id`) values ('b0423260640643ceb0c33f6a1d80a5f1','c6f7524fa23d47b1bf3f0128f64e50c6','f62fa71e12b44b1cbdc909c483d0f917');
insert  into `sys_app_user_and_tag`(`id`,`user_id`,`tag_id`) values ('b583c6dca84f4b38be0ee451f601f432','0453deafa8114ce9a55f9245a87b709c','3694ccf28e2646a8bd1305205dd5c881');
insert  into `sys_app_user_and_tag`(`id`,`user_id`,`tag_id`) values ('b922632aa7d141be80c14ea6f3fd2d3e','a38cc53e7b494b7699e8bb2f8eddaf58','1c54656b372841919ce5b2db8b1934e1');
insert  into `sys_app_user_and_tag`(`id`,`user_id`,`tag_id`) values ('bf94c19a17574e16bb8208b3eceb883e','355a0e6b6ffa44bdac9348072a3faa37','3fcddbaa4572416c96394561b6868044');
insert  into `sys_app_user_and_tag`(`id`,`user_id`,`tag_id`) values ('c6a11d6c60f9484bbab3ef6000651329','355a0e6b6ffa44bdac9348072a3faa37','6f8ddaa7c5354ec8b35d7323c3c9e2ed');
insert  into `sys_app_user_and_tag`(`id`,`user_id`,`tag_id`) values ('cc43f75be77e47edb040c4f05b01d116','8f4d5167f172461eb73ac86237828dd3','485426a3810b4a6493f8394632a0d4e6');
insert  into `sys_app_user_and_tag`(`id`,`user_id`,`tag_id`) values ('dd91bb43639f49e7a6c96899afb2a9d3','c6f7524fa23d47b1bf3f0128f64e50c6','8cb571cbbab54327af4ed399d013f5f0');
insert  into `sys_app_user_and_tag`(`id`,`user_id`,`tag_id`) values ('f5074b7f9bae42a780d2a50b881f1990','355a0e6b6ffa44bdac9348072a3faa37','ac7277a08c0c49bab8c009a1edcf369b');
insert  into `sys_app_user_and_tag`(`id`,`user_id`,`tag_id`) values ('f800e268547941689b126b71b71c3dff','0453deafa8114ce9a55f9245a87b709c','8cb571cbbab54327af4ed399d013f5f0');
insert  into `sys_app_user_and_tag`(`id`,`user_id`,`tag_id`) values ('fc80c8dd94bd4012b4172fa0435c4b1b','8f4d5167f172461eb73ac86237828dd3','734fe6ffd73a4287bac44abb92def943');

insert  into `sys_app_user_and_user`(`useranduser_id`,`user_id_one`,`user_id_two`,`connection`) values ('024ed51353f64922b6ebb434a09f0fd5','e2c1f87c19c34ab7a6d6f41eda9884c0','41edc30d066143afa42207d5759c4b19','好友');
insert  into `sys_app_user_and_user`(`useranduser_id`,`user_id_one`,`user_id_two`,`connection`) values ('09e1612ed2894ba7b9a3812b7ebce6ed','0453deafa8114ce9a55f9245a87b709c','a38cc53e7b494b7699e8bb2f8eddaf58','哈哈');
insert  into `sys_app_user_and_user`(`useranduser_id`,`user_id_one`,`user_id_two`,`connection`) values ('1cdec2eab3f04a28bc33cf464ab90fc5','210ec6ad6f2549b49a7e16cf5e504303','0453deafa8114ce9a55f9245a87b709c','同事');
insert  into `sys_app_user_and_user`(`useranduser_id`,`user_id_one`,`user_id_two`,`connection`) values ('1f67ef0db776407381f55b1942a9ca97','c6f7524fa23d47b1bf3f0128f64e50c6','cd4d978845ac4f07a18528e7f821b1f6','同事');
insert  into `sys_app_user_and_user`(`useranduser_id`,`user_id_one`,`user_id_two`,`connection`) values ('361c54affc6e4f0bbebddbf36688d9db','a0d4e689520f41138d7a196123cd8964','5e8d605f8bd84edb90750e307d9c1175','好友');
insert  into `sys_app_user_and_user`(`useranduser_id`,`user_id_one`,`user_id_two`,`connection`) values ('443525c7eca34bc681dff5bce945de19','df86f13f6fd9424190ea4bdc10a83f0c','b1a76a9b56d340c394167df18270b8f1','py');
insert  into `sys_app_user_and_user`(`useranduser_id`,`user_id_one`,`user_id_two`,`connection`) values ('612f472087c546dcb332ff7a37e26363','80a1a7294da440dcad338480047eac22','1a9ff363ec5244d5b8234c29dd2dcd56','父子');
insert  into `sys_app_user_and_user`(`useranduser_id`,`user_id_one`,`user_id_two`,`connection`) values ('927a57f00a55425288fc1d6a99ef61cb','8f4d5167f172461eb73ac86237828dd3','c6f7524fa23d47b1bf3f0128f64e50c6','laoda');
insert  into `sys_app_user_and_user`(`useranduser_id`,`user_id_one`,`user_id_two`,`connection`) values ('93ca0f8400f84e74b8b00b6a9e3095e9','cd4d978845ac4f07a18528e7f821b1f6','a38cc53e7b494b7699e8bb2f8eddaf58','兔兔');
insert  into `sys_app_user_and_user`(`useranduser_id`,`user_id_one`,`user_id_two`,`connection`) values ('9ffdb412ed88430d902b9481ad751009','c6f7524fa23d47b1bf3f0128f64e50c6','0453deafa8114ce9a55f9245a87b709c','朋友');
insert  into `sys_app_user_and_user`(`useranduser_id`,`user_id_one`,`user_id_two`,`connection`) values ('9ffdb412ed88430d902b9481ad75eab5','c6f7524fa23d47b1bf3f0128f64e50c6','0e589df1ee70439e9af5a11e642dd1c7','母子');
insert  into `sys_app_user_and_user`(`useranduser_id`,`user_id_one`,`user_id_two`,`connection`) values ('a6dd08e2599b4246955efd254f4b6ff0','a0d4e689520f41138d7a196123cd8964','41edc30d066143afa42207d5759c4b19','册数');
insert  into `sys_app_user_and_user`(`useranduser_id`,`user_id_one`,`user_id_two`,`connection`) values ('dfb71c1ca7db46abaa1bb904d65feaa3','355a0e6b6ffa44bdac9348072a3faa37','0453deafa8114ce9a55f9245a87b709c','朋友');
insert  into `sys_app_user_and_user`(`useranduser_id`,`user_id_one`,`user_id_two`,`connection`) values ('e734402aaf81432aa3745be444144d58','96ce03d996be4bed8489e30a0b8bc98e','cd5150f3cc014ca8b38eca58ca40e536','不适');
insert  into `sys_app_user_and_user`(`useranduser_id`,`user_id_one`,`user_id_two`,`connection`) values ('f0b22c0324db4af499b4d8e52621b771','8445235b9d9d427280af10d79a48b359','4588d52d56204f7995a2bd4ed9379bda','父子');
insert  into `sys_app_user_and_user`(`useranduser_id`,`user_id_one`,`user_id_two`,`connection`) values ('f96a969041bd46cea684df30d72082e1','80a1a7294da440dcad338480047eac22','7baab88af16c4c1f9b135b431faddd9b','父子');

insert  into `tb_article`(`ARTICLE_ID`,`TITLE`,`AUTHOR`,`LOGOURL`,`URL`,`SUMMARY`,`PUBLISHTIME`,`CREATEBY`,`CREATEON`,`STATUS`) values ('1','过度的体检','沈玎 徐卓君','http://img3.imgtn.bdimg.com/it/u=1534202043,2456027310&fm=21&gp=0.jpg','http://www.ledu365.com/a/shenghuo/36378.html','在空气和食品质量问题层出不穷的阴霾下，人们开始将精力和金钱投向自己的健康管理，他们怀抱着对医院、医生和医患关系的复杂情感，把自己送进一台台先进的仪器背后，在一系列健康数据中寻求心理上的安慰。','2014-04-28 00:00:00','何文峰','2016-05-12 11:08:45','已发布');
insert  into `tb_article`(`ARTICLE_ID`,`TITLE`,`AUTHOR`,`LOGOURL`,`URL`,`SUMMARY`,`PUBLISHTIME`,`CREATEBY`,`CREATEON`,`STATUS`) values ('10','定期体检—孩子健康的卫士','手心','http://img0.imgtn.bdimg.com/it/u=346260135,1477147179&fm=21&gp=0.jpg','http://zhishi.qinbei.com/20100714/26714.shtml','拥有一个体格强壮、聪慧、快乐的孩子是父母最大的心愿。孩子的身体发育是不是正常，是否存在不健康的因素，应该怎样做才能提高健康水平和生存质量……这些都是父母十分关注的问题。随着社会经济的发展和文明程度的提高，人们对定期给孩子做健康体检有着不同层次的认识、理解与需求。','2016-05-12 11:28:30','何文峰','2016-05-12 11:28:37','已发布');
insert  into `tb_article`(`ARTICLE_ID`,`TITLE`,`AUTHOR`,`LOGOURL`,`URL`,`SUMMARY`,`PUBLISHTIME`,`CREATEBY`,`CREATEON`,`STATUS`) values ('11','关于健康体检中尿常规的检查','王芦萍','http://image.pztuan.com/upfile/team/2013/0625/201306250407274164.jpg','http://xueshu.baidu.com/s?wd=paperuri%3A%28fda4b6c89894c024f07fa226936ebfed%29&filter=sc_long_sign&sc_ks_para=q%3D%E5%85%B3%E4%BA%8E%E5%81%A5%E5%BA%B7%E4%BD%93%E6%A3%80%E4%B8%AD%E5%B0%BF%E5%B8%B8%E8%A7%84%E7%9A%84%E6%A3%80%E6%9F%A5&sc_us=16788015165189108','正近年肾脏病患者逐年增多,人们的生活方式出现了不合理的变化,糖尿病、高血压、高血脂等代谢性疾病增多,肾脏病是继发于这些代谢性疾病的慢性病,各种感染、滥用药物或不规则用药导致的药物性肾损害也是肾脏病逐年增多的一个原因,尿常规检查是筛查','2016-05-12 11:29:42','何文峰','2016-05-12 11:30:01','已发布');
insert  into `tb_article`(`ARTICLE_ID`,`TITLE`,`AUTHOR`,`LOGOURL`,`URL`,`SUMMARY`,`PUBLISHTIME`,`CREATEBY`,`CREATEON`,`STATUS`) values ('12','关于健康体检中心开展人性化服务','宋东梅','http://pccoo.cn/bbs/20130322/201332214353351.jpg','http://xueshu.baidu.com/s?wd=paperuri%3A%28f0165466efca3663c42f4dc7a9e09149%29&filter=sc_long_sign&sc_ks_para=q%3D%E5%85%B3%E4%BA%8E%E5%81%A5%E5%BA%B7%E4%BD%93%E6%A3%80%E4%B8%AD%E5%BF%83%E5%BC%80%E5%B1%95%E4%BA%BA%E6%80%A7%E5%8C%96%E6%9C%8D%E5%8A%A1&sc_us','在健康体检中心开展人性化服务，以满足人们日益增长的健康需求。健康体检中心人性化服务的开展，使参加健康体检人数逐日递增，经济效益和社会效益明显增 长。人们随着生活质量的提高，健康保健的意识越来越强烈，健康体检中心开展的人性化服务，满足了人们的健康需求，推动了健康事业的发展，带动了医院各科室 的同步发展。','2016-05-12 11:31:03','何文峰','2016-05-12 11:31:06','已发布');
insert  into `tb_article`(`ARTICLE_ID`,`TITLE`,`AUTHOR`,`LOGOURL`,`URL`,`SUMMARY`,`PUBLISHTIME`,`CREATEBY`,`CREATEON`,`STATUS`) values ('13','关于慢性阻塞性肺疾病早期干预的再认识','王科敏','http://pic63.nipic.com/file/20150331/2531170_190639977000_2.jpg','http://xueshu.baidu.com/s?wd=paperuri%3A%28a4464f42e8abd91ea9c67724707213bb%29&filter=sc_long_sign&sc_ks_para=q%3D%E5%85%B3%E4%BA%8E%E6%85%A2%E6%80%A7%E9%98%BB%E5%A1%9E%E6%80%A7%E8%82%BA%E7%96%BE%E7%97%85%E6%97%A9%E6%9C%9F%E5%B9%B2%E9%A2%84%E7%9A%84%E5%86','慢性阻塞性肺疾病属于临床常见的慢性气道炎症疾病，致残率及致死率较高，是影响人类健康的主要疾病，患者临床特点为气道受阻，且属于不可逆病变，病情随时间延长呈现出进行性发展。由于慢性阻塞性肺疾病早期可未发生任何相应临床表现，患者大多不易察觉自身疾病，且我国医疗现状为依症治疗，即出现临床表现方才前来就诊，无疾病预防及健康体检意识，对慢性阻塞性肺疾病早期诊断带来一定困难。因此，如何对慢性阻塞性肺疾病患者进行早期干预，','2016-05-12 11:32:18','何文峰','2016-05-12 11:32:21','取消发布');
insert  into `tb_article`(`ARTICLE_ID`,`TITLE`,`AUTHOR`,`LOGOURL`,`URL`,`SUMMARY`,`PUBLISHTIME`,`CREATEBY`,`CREATEON`,`STATUS`) values ('14','健康小常识 54项健康生活必备','刘兴华','http://image.cnsc8.com/tupian_201412/Big_Pic/tWvagyQr2t.jpg','https://club.1688.com/article/27109844.html','健康小常识 54项健康生活必备01、多走楼梯最好少搭电梯，多走楼梯。爬楼梯是一种非常好的锻炼形式，对心血管有益，还可以改善你的腿部肌肉。此外，腹部肌肉也会得到锻炼。02、保持正确的行走姿势保持正确的行走和坐立姿势，对健康非常有益；很多人都养成了懒散的坏习惯，一些不良姿势会导致背部痉挛和头疼等毛病。请在行走时放鬆双肩，保持颈部直立、骨盆肌肉紧张，挺胸收腹，这样你就会看起来更棒一些，自我感觉也会更好。　　03、经常伸伸脖子每天最好轻轻地伸一伸脖子，很多慢性头疼病都是由于颈骨接合处和神经损伤引起的，而人们长时间','2016-05-12 11:35:04','何文峰','2016-05-12 11:35:09','已发布');
insert  into `tb_article`(`ARTICLE_ID`,`TITLE`,`AUTHOR`,`LOGOURL`,`URL`,`SUMMARY`,`PUBLISHTIME`,`CREATEBY`,`CREATEON`,`STATUS`) values ('2','老年人要对自己好一点','李华芳','http://img.bendibao.com/szbdb/20095/20/2009520111940683.JPG','http://www.ledu365.com/a/shenghuo/53684.html','尽管中国的老年人越来越多，但在体检支出方面却存在一个有意思的现象：工作的人花得更多，老年人却花费较少。','2016-01-20 00:00:00','何文峰','2016-05-12 11:16:01','已发布');
insert  into `tb_article`(`ARTICLE_ID`,`TITLE`,`AUTHOR`,`LOGOURL`,`URL`,`SUMMARY`,`PUBLISHTIME`,`CREATEBY`,`CREATEON`,`STATUS`) values ('250f603188da4b2f82578f5553656d7f','ce','ce','ce','ce','ce','2016-05-17 17:13:18','69177258a06e4927b4639ab1684c3320','2016-05-17 17:13:18','已提交');
insert  into `tb_article`(`ARTICLE_ID`,`TITLE`,`AUTHOR`,`LOGOURL`,`URL`,`SUMMARY`,`PUBLISHTIME`,`CREATEBY`,`CREATEON`,`STATUS`) values ('3','天数','许章润','http://img.qqu.cc/uploads/allimg/160403/1-160403203P8.jpg','http://www.ledu365.com/a/rensheng/19075.html','2010年11月，单位安排体检。检查结果出来了。肝里长了一个瘤子。可能是血管瘤，也可能是别的什么，医学术语叫做“肝占位”，犹譬鸠占鹊巢，或者，穆巴拉克们之赖在位子上不走。医嘱续做体检，不可大意。初未措意，半月后遵嘱抽空去做了CT扫描。平生第一遭，有点新奇，略感忐忑，而终将自己交付一架机器作判断，徒觉荒唐复无奈。纵便护士耐心又热情，也打消不了对于这嘎嘎作响的铁疙瘩发自心底的反感。','2012-04-12 00:00:00','何文峰','2016-05-12 11:18:18','已发布');
insert  into `tb_article`(`ARTICLE_ID`,`TITLE`,`AUTHOR`,`LOGOURL`,`URL`,`SUMMARY`,`PUBLISHTIME`,`CREATEBY`,`CREATEON`,`STATUS`) values ('4','健康须知 体检前请不要服药物','亲贝网','http://img.39yst.com/uploads/2014/1120/1416455447843.jpg','http://health.qinbei.com/20140801/1759294.shtml','体检前一天不要剧烈运动，饮食要清淡，早点休息。体检当天要穿宽松的衣服便于穿脱，不要带手机等贵重物品以免丢失。体检前可稍加休息，调整一下心态，不要紧张。上午体检者禁早餐;戴隐形眼镜者要保证在检查视力前能够摘掉（需要带隐形眼镜盒及清洗液）。体检结束后请把体检表交到指定人员手中，确定已检完再离开。此外，还要保证较充足的睡眠。睡眠不足会导致免疫力下降，加上过度疲劳和考前的紧张，很容易患上感冒，感冒可能导致转氨酶一次性增高，从而影响体检结果。所以考生要合理利用时间，保证充足睡眠，保持体力、保持精力，才能保证学习的效','2014-08-01 15:29:00','何文峰','2016-05-12 11:20:21','已发布');
insert  into `tb_article`(`ARTICLE_ID`,`TITLE`,`AUTHOR`,`LOGOURL`,`URL`,`SUMMARY`,`PUBLISHTIME`,`CREATEBY`,`CREATEON`,`STATUS`) values ('5','孩子发育是否正常 体检时间与重点','亲贝网','http://img2.shangxueba.com/img/uploadfile/20150721/16/8A89363B98F155F1D6F9F4EE87721F0C.jpg','http://health.qinbei.com/20140401/1727591.shtml','在现实生活中，年轻的父母总是凭经验、凭肉眼观察判断孩子是否健康，认为只要欢蹦乱跳就没毛病，其实这也是一种误解。','2014-04-01 16:31:00','何文峰','2016-05-12 11:21:35','已发布');
insert  into `tb_article`(`ARTICLE_ID`,`TITLE`,`AUTHOR`,`LOGOURL`,`URL`,`SUMMARY`,`PUBLISHTIME`,`CREATEBY`,`CREATEON`,`STATUS`) values ('6','定期体检清单：一岁起做牙齿检查','新浪','http://img3.yxlady.com/mr/UploadFiles_9207/20151023/20151023173233646.jpg','http://health.qinbei.com/20131225/1648244.shtml','随着年龄的增长，人类患某些疾病的机会也在增加。这些疾病大都是早期没有明显症状，但往往有严重的后果。可幸的是，如果能在早期发现并及时治疗，预后往往是好的。为此美国梅奥医学中心的专家们为您提供了一个定期健康体检的清单。它一共涉及9个项目。这张清单就会告诉您什么时候应该去做什么检查。','2013-12-25 16:56:00','何文峰','2016-05-12 11:22:45','已发布');
insert  into `tb_article`(`ARTICLE_ID`,`TITLE`,`AUTHOR`,`LOGOURL`,`URL`,`SUMMARY`,`PUBLISHTIME`,`CREATEBY`,`CREATEON`,`STATUS`) values ('7','孕前健康体检的注意事项有什么？','摇篮网','http://img.39yst.com/uploads/2015/0715/1436922864678.jpg','http://zhishi.qinbei.com/20111104/236711.shtml','由于没有了强制的婚前体检，就使得孕前体检变得尤为重要了。孕前体检可筛查出你体内是否存在一些疾病，如果存在异常一定要先去进行调整或治疗，这样才能确保身体处于健康状态时受孕，有利于安度孕期，从而生出健康的宝贝。那么，孕前健康体检的注意事项有什么？','2011-11-04 12:11:00','何文峰','2016-05-12 11:24:09','已发布');
insert  into `tb_article`(`ARTICLE_ID`,`TITLE`,`AUTHOR`,`LOGOURL`,`URL`,`SUMMARY`,`PUBLISHTIME`,`CREATEBY`,`CREATEON`,`STATUS`) values ('8','健康体检有五禁忌','亲贝网','http://pic23.nipic.com/20120807/10659754_212513552142_2.jpg','http://zhishi.qinbei.com/20111104/236704.shtml','健康体检，是预防疾病的有效手段之一。通过健康体检，可以了解自身健康状况，发现一些不易察觉的早期疾病，以便及时干预、终止疾病的发生发展，收到事半功倍的效果。但有不少受检者由于对体检的一些关键环节重视不够，或认识偏差，出现种种疏漏，使体检的目的难以达到。','2011-11-04 12:11:00','何文峰','2016-05-12 11:25:15','取消发布');
insert  into `tb_article`(`ARTICLE_ID`,`TITLE`,`AUTHOR`,`LOGOURL`,`URL`,`SUMMARY`,`PUBLISHTIME`,`CREATEBY`,`CREATEON`,`STATUS`) values ('9','健康体检注意事项','亲贝网','http://thumbs.dreamstime.com/x/%C4%D0%D0%D4%CF%A5%B8%C7%CD%B4%BF%E0-36217800.jpg','http://zhishi.qinbei.com/20110716/215010.shtml','体检前:1、可电话预约及咨询。按预约时间办理体检手续、体检，若有变动，请提前与体检中心联系。2、体检前三天规律饮食，忌酒，限高脂、高蛋白饮食，避免发热、感冒、腹泻。体检日进行的血液采集、肝胆B超检查，需要您空腹8-12小时，所以体检前夜八点后，您最好不要吃东西。（可以饮水）。3、高血压病人按常规服用降压药，糖尿病及其他慢性病患者，抽血后请及时服药。4、体检当日抽血、做B超前要空腹，可少量饮水，禁大量饮水，抽血、B超做好后可进早餐。5、体检当天，敬请穿较宽松衣服，女士体检当日请勿穿连衣裙、连裤袜。','2011-07-16 23:05:00','何文峰','2016-05-12 11:27:29','已发布');

insert  into `tb_checkupitem`(`CHECKUPITEM_ID`,`SUBGROUP`,`NAME`,`FEATURES`,`FREQUENCY`,`STATUS`,`ORIGINATE`,`DESCRIPTION`,`GENERATEDTIME`,`WORKER`,`REVISION`,`SYSFLAG`,`CHECKUPPACKAGE_ID`,`USER_ID`,`CREATEBY`,`CREATEON`,`concernedfactors`,`disease_name`,`riskType`,`solution_id`,`riskDefine`,`startage`,`endage`) values ('1001','test','测试项目','高效,经济','每年','已删除','FCCN','1.吸烟史\n2.氡暴露史\n3.职业暴露：砒霜、铬、石棉、镍、镉、铍、硅、柴油烟雾（吸烟可以叠加）\n4.一级亲属罹患肺癌\n5.COPD及肺纤维化病史\n6.报警症状','2016-05-17 15:37:37',NULL,1,NULL,'1001','c6f7524fa23d47b1bf3f0128f64e50c6',NULL,'2016-05-17 15:38:19',NULL,NULL,NULL,NULL,NULL,NULL,NULL);
insert  into `tb_checkupitem`(`CHECKUPITEM_ID`,`SUBGROUP`,`NAME`,`FEATURES`,`FREQUENCY`,`STATUS`,`ORIGINATE`,`DESCRIPTION`,`GENERATEDTIME`,`WORKER`,`REVISION`,`SYSFLAG`,`CHECKUPPACKAGE_ID`,`USER_ID`,`CREATEBY`,`CREATEON`,`concernedfactors`,`disease_name`,`riskType`,`solution_id`,`riskDefine`,`startage`,`endage`) values ('10010','test3','测试项目7897','高效,经济,全面','一年一次','已删除','FCCN','777777','2016-05-12 22:41:22','',1,'','1001','df86f13f6fd9424190ea4bdc10a83f0c','','2016-05-17 15:38:19',NULL,NULL,NULL,NULL,NULL,NULL,NULL);
insert  into `tb_checkupitem`(`CHECKUPITEM_ID`,`SUBGROUP`,`NAME`,`FEATURES`,`FREQUENCY`,`STATUS`,`ORIGINATE`,`DESCRIPTION`,`GENERATEDTIME`,`WORKER`,`REVISION`,`SYSFLAG`,`CHECKUPPACKAGE_ID`,`USER_ID`,`CREATEBY`,`CREATEON`,`concernedfactors`,`disease_name`,`riskType`,`solution_id`,`riskDefine`,`startage`,`endage`) values ('10011','test4','测试项目7898','高效,经济,全面','一年一次','已删除','FCCN','88888','2016-05-12 22:41:22','',1,'','1001','df86f13f6fd9424190ea4bdc10a83f0c','','2016-05-17 15:38:19',NULL,NULL,NULL,NULL,NULL,NULL,NULL);
insert  into `tb_checkupitem`(`CHECKUPITEM_ID`,`SUBGROUP`,`NAME`,`FEATURES`,`FREQUENCY`,`STATUS`,`ORIGINATE`,`DESCRIPTION`,`GENERATEDTIME`,`WORKER`,`REVISION`,`SYSFLAG`,`CHECKUPPACKAGE_ID`,`USER_ID`,`CREATEBY`,`CREATEON`,`concernedfactors`,`disease_name`,`riskType`,`solution_id`,`riskDefine`,`startage`,`endage`) values ('10012','test3','测试项目789','高效,经济,全面','一年一次','已删除','FCCN','hahhahahaahahahah','2016-05-12 22:41:22','',1,'','1001','a38cc53e7b494b7699e8bb2f8eddaf58','','2016-05-17 15:38:19',NULL,NULL,NULL,NULL,NULL,NULL,NULL);
insert  into `tb_checkupitem`(`CHECKUPITEM_ID`,`SUBGROUP`,`NAME`,`FEATURES`,`FREQUENCY`,`STATUS`,`ORIGINATE`,`DESCRIPTION`,`GENERATEDTIME`,`WORKER`,`REVISION`,`SYSFLAG`,`CHECKUPPACKAGE_ID`,`USER_ID`,`CREATEBY`,`CREATEON`,`concernedfactors`,`disease_name`,`riskType`,`solution_id`,`riskDefine`,`startage`,`endage`) values ('10013','test3','测试项目7897','高效,经济,全面','一年一次','已删除','FCCN','777777','2016-05-12 22:41:22','',1,'','1001','a38cc53e7b494b7699e8bb2f8eddaf58','','2016-05-17 15:38:19',NULL,NULL,NULL,NULL,NULL,NULL,NULL);
insert  into `tb_checkupitem`(`CHECKUPITEM_ID`,`SUBGROUP`,`NAME`,`FEATURES`,`FREQUENCY`,`STATUS`,`ORIGINATE`,`DESCRIPTION`,`GENERATEDTIME`,`WORKER`,`REVISION`,`SYSFLAG`,`CHECKUPPACKAGE_ID`,`USER_ID`,`CREATEBY`,`CREATEON`,`concernedfactors`,`disease_name`,`riskType`,`solution_id`,`riskDefine`,`startage`,`endage`) values ('10014','test4','测试项目7898','高效,经济,全面','一年一次','已删除','FCCN','88888','2016-05-12 22:41:22','',1,'','1001','a38cc53e7b494b7699e8bb2f8eddaf58','','2016-05-17 15:38:19',NULL,NULL,NULL,NULL,NULL,NULL,NULL);
insert  into `tb_checkupitem`(`CHECKUPITEM_ID`,`SUBGROUP`,`NAME`,`FEATURES`,`FREQUENCY`,`STATUS`,`ORIGINATE`,`DESCRIPTION`,`GENERATEDTIME`,`WORKER`,`REVISION`,`SYSFLAG`,`CHECKUPPACKAGE_ID`,`USER_ID`,`CREATEBY`,`CREATEON`,`concernedfactors`,`disease_name`,`riskType`,`solution_id`,`riskDefine`,`startage`,`endage`) values ('1002','test','测试项目','高效','每年','已删除','高风险,美国','1.各种原因导致的肝硬化患者\n2.乙肝携带者，男性大于等于40岁，女性大于等于50岁','2016-05-17 15:37:44',NULL,1,NULL,'1001','c6f7524fa23d47b1bf3f0128f64e50c6',NULL,'2016-05-17 15:38:19',NULL,NULL,NULL,NULL,NULL,NULL,NULL);
insert  into `tb_checkupitem`(`CHECKUPITEM_ID`,`SUBGROUP`,`NAME`,`FEATURES`,`FREQUENCY`,`STATUS`,`ORIGINATE`,`DESCRIPTION`,`GENERATEDTIME`,`WORKER`,`REVISION`,`SYSFLAG`,`CHECKUPPACKAGE_ID`,`USER_ID`,`CREATEBY`,`CREATEON`,`concernedfactors`,`disease_name`,`riskType`,`solution_id`,`riskDefine`,`startage`,`endage`) values ('1003','test','测试项目','高效,经济,全面','每年','已删除','高风险,FCCN,日本',' 男女不限，年龄大于等于40岁，满足一下任意一条：\n1.胃癌高发地区人群\n2.幽门螺旋杆菌感染感染\n3.既往患有慢性萎缩性胃炎等胃癌癌前病变\n4.一级亲属罹患胃癌\n5.存在胃癌其它高危因素（吸烟、重度饮酒、高盐、腌制饮食等）','2016-05-17 15:37:47',NULL,1,NULL,'1001','c6f7524fa23d47b1bf3f0128f64e50c6',NULL,'2016-05-17 15:38:19',NULL,NULL,NULL,NULL,NULL,NULL,NULL);
insert  into `tb_checkupitem`(`CHECKUPITEM_ID`,`SUBGROUP`,`NAME`,`FEATURES`,`FREQUENCY`,`STATUS`,`ORIGINATE`,`DESCRIPTION`,`GENERATEDTIME`,`WORKER`,`REVISION`,`SYSFLAG`,`CHECKUPPACKAGE_ID`,`USER_ID`,`CREATEBY`,`CREATEON`,`concernedfactors`,`disease_name`,`riskType`,`solution_id`,`riskDefine`,`startage`,`endage`) values ('1004','test1','测试项目2','高效,经济','一年一次','已删除','FCCN','确定性因素：1.年龄；2.性别；3.绝经后体重增加 BMI≥30kg/m2或增加10公斤；4.高身材，身高大于175cm；5.雌激素水平（高内源性雌激素水平）；6.骨密度（升高者发病率升高）；7.良性乳腺疾病史；8.长期使用外源性雌激素；9.初潮较早或绝经较晚；10.未产妇及首次初产年龄大于等于35岁；11.乳腺癌个人史；12.一级亲属罹患乳腺癌；13.饮酒；14.吸烟；15.夜班工作；16.暴露于治疗性电离辐射；17.是否哺乳；18.大豆/植物雌激素应用；19.体育锻炼；\n不确定性因素：未录入','2016-05-17 15:37:49',NULL,1,NULL,'1001','c6f7524fa23d47b1bf3f0128f64e50c6',NULL,'2016-05-17 15:38:19',NULL,NULL,NULL,NULL,NULL,NULL,NULL);
insert  into `tb_checkupitem`(`CHECKUPITEM_ID`,`SUBGROUP`,`NAME`,`FEATURES`,`FREQUENCY`,`STATUS`,`ORIGINATE`,`DESCRIPTION`,`GENERATEDTIME`,`WORKER`,`REVISION`,`SYSFLAG`,`CHECKUPPACKAGE_ID`,`USER_ID`,`CREATEBY`,`CREATEON`,`concernedfactors`,`disease_name`,`riskType`,`solution_id`,`riskDefine`,`startage`,`endage`) values ('1005','test2','测试项目789','高效,经济,全面','一年一次','已删除','FCCN','将55～74岁的一般风险人群、40～74岁的高风险人群以及家族史不详的人群作为内镜筛查的目标人群。\n①长期居住于食管鳞癌高发区；②一级亲属有食管鳞癌病史；③既往有食管病变史(食管上皮内瘤变)；④本人有癌症史；⑤长期吸烟史；⑥长期饮酒史；⑦有不良饮食习惯如进食快、热烫饮食、高盐饮食、进食腌菜者。','2016-05-11 22:40:44',NULL,1,NULL,'1001','c6f7524fa23d47b1bf3f0128f64e50c6',NULL,'2016-05-17 15:38:19',NULL,NULL,NULL,NULL,NULL,NULL,NULL);
insert  into `tb_checkupitem`(`CHECKUPITEM_ID`,`SUBGROUP`,`NAME`,`FEATURES`,`FREQUENCY`,`STATUS`,`ORIGINATE`,`DESCRIPTION`,`GENERATEDTIME`,`WORKER`,`REVISION`,`SYSFLAG`,`CHECKUPPACKAGE_ID`,`USER_ID`,`CREATEBY`,`CREATEON`,`concernedfactors`,`disease_name`,`riskType`,`solution_id`,`riskDefine`,`startage`,`endage`) values ('1006','test2','测试项目789','高效,经济,全面','一年一次','已删除','FCCN','hahhahahaahahahah','2016-05-12 22:41:22','',1,'','1001','0453deafa8114ce9a55f9245a87b709c','','2016-05-17 15:38:19',NULL,NULL,NULL,NULL,NULL,NULL,NULL);
insert  into `tb_checkupitem`(`CHECKUPITEM_ID`,`SUBGROUP`,`NAME`,`FEATURES`,`FREQUENCY`,`STATUS`,`ORIGINATE`,`DESCRIPTION`,`GENERATEDTIME`,`WORKER`,`REVISION`,`SYSFLAG`,`CHECKUPPACKAGE_ID`,`USER_ID`,`CREATEBY`,`CREATEON`,`concernedfactors`,`disease_name`,`riskType`,`solution_id`,`riskDefine`,`startage`,`endage`) values ('1007','test2','测试项目7897','高效,经济,全面','一年一次','已删除','FCCN','777777','2016-05-12 22:41:22','',1,'','1001','0453deafa8114ce9a55f9245a87b709c','','2016-05-17 15:38:19',NULL,NULL,NULL,NULL,NULL,NULL,NULL);
insert  into `tb_checkupitem`(`CHECKUPITEM_ID`,`SUBGROUP`,`NAME`,`FEATURES`,`FREQUENCY`,`STATUS`,`ORIGINATE`,`DESCRIPTION`,`GENERATEDTIME`,`WORKER`,`REVISION`,`SYSFLAG`,`CHECKUPPACKAGE_ID`,`USER_ID`,`CREATEBY`,`CREATEON`,`concernedfactors`,`disease_name`,`riskType`,`solution_id`,`riskDefine`,`startage`,`endage`) values ('1008','test2','测试项目7898','高效,经济,全面','一年一次','已删除','FCCN','88888','2016-05-12 22:41:22','',1,'','1001','96ce03d996be4bed8489e30a0b8bc98e','','2016-05-17 15:38:19',NULL,NULL,NULL,NULL,NULL,NULL,NULL);
insert  into `tb_checkupitem`(`CHECKUPITEM_ID`,`SUBGROUP`,`NAME`,`FEATURES`,`FREQUENCY`,`STATUS`,`ORIGINATE`,`DESCRIPTION`,`GENERATEDTIME`,`WORKER`,`REVISION`,`SYSFLAG`,`CHECKUPPACKAGE_ID`,`USER_ID`,`CREATEBY`,`CREATEON`,`concernedfactors`,`disease_name`,`riskType`,`solution_id`,`riskDefine`,`startage`,`endage`) values ('1009','test3','测试项目789','高效,经济,全面','一年一次','已删除','FCCN','hahhahahaahahahah','2016-05-12 22:41:22','',1,'','1001','df86f13f6fd9424190ea4bdc10a83f0c','','2016-05-17 15:38:19',NULL,NULL,NULL,NULL,NULL,NULL,NULL);
insert  into `tb_checkupitem`(`CHECKUPITEM_ID`,`SUBGROUP`,`NAME`,`FEATURES`,`FREQUENCY`,`STATUS`,`ORIGINATE`,`DESCRIPTION`,`GENERATEDTIME`,`WORKER`,`REVISION`,`SYSFLAG`,`CHECKUPPACKAGE_ID`,`USER_ID`,`CREATEBY`,`CREATEON`,`concernedfactors`,`disease_name`,`riskType`,`solution_id`,`riskDefine`,`startage`,`endage`) values ('3','糖尿病','大发多少大发','经济','每年','已选中','韩国','(都是第三方阿萨德发多少','2016-05-17 15:37:52',NULL,0,NULL,'2','96ce03d996be4bed8489e30a0b8bc98e',NULL,'2016-05-17 15:38:19',NULL,NULL,NULL,NULL,NULL,NULL,NULL);
insert  into `tb_checkupitem`(`CHECKUPITEM_ID`,`SUBGROUP`,`NAME`,`FEATURES`,`FREQUENCY`,`STATUS`,`ORIGINATE`,`DESCRIPTION`,`GENERATEDTIME`,`WORKER`,`REVISION`,`SYSFLAG`,`CHECKUPPACKAGE_ID`,`USER_ID`,`CREATEBY`,`CREATEON`,`concernedfactors`,`disease_name`,`riskType`,`solution_id`,`riskDefine`,`startage`,`endage`) values ('9001','test','测试项目1选项A','高效,经济','每年','已删除','FCCN','确定性因素：1.年龄；2.性别；3.绝经后体重增加 BMI≥30kg/m2或增加10公斤；4.高身材，身高大于175cm；5.雌激素水平（高内源性雌激素水平）；6.骨密度（升高者发病率升高）；7.良性乳腺疾病史；8.长期使用外源性雌激素；9.初潮较早或绝经较晚；10.未产妇及首次初产年龄大于等于35岁；11.乳腺癌个人史；12.一级亲属罹患乳腺癌；13.饮酒；14.吸烟；15.夜班工作；16.暴露于治疗性电离辐射；17.是否哺乳；18.大豆/植物雌激素应用；19.体育锻炼；\n不确定性因素：未录入','2016-05-17 15:37:54',NULL,1,NULL,'1001','80a1a7294da440dcad338480047eac22',NULL,'2016-05-17 15:38:19',NULL,NULL,NULL,NULL,NULL,NULL,NULL);
insert  into `tb_checkupitem`(`CHECKUPITEM_ID`,`SUBGROUP`,`NAME`,`FEATURES`,`FREQUENCY`,`STATUS`,`ORIGINATE`,`DESCRIPTION`,`GENERATEDTIME`,`WORKER`,`REVISION`,`SYSFLAG`,`CHECKUPPACKAGE_ID`,`USER_ID`,`CREATEBY`,`CREATEON`,`concernedfactors`,`disease_name`,`riskType`,`solution_id`,`riskDefine`,`startage`,`endage`) values ('9002','test','测试项目1选项B','高效','每年','已删除','高风险,美国','1.年龄\n2.是否有肝硬化\n3.饮酒\n4.乙型肝炎病毒感染\n5.丙型肝炎病毒感染\n6.非酒精性脂肪肝\n7.α1-抗胰蛋白酶缺乏症病史\n8.四期原发性胆汁性肝硬化病史\n9.遗传性血色病病史','2016-05-17 15:37:57',NULL,1,NULL,'1001','80a1a7294da440dcad338480047eac22',NULL,'2016-05-17 15:38:19',NULL,NULL,NULL,NULL,NULL,NULL,NULL);
insert  into `tb_checkupitem`(`CHECKUPITEM_ID`,`SUBGROUP`,`NAME`,`FEATURES`,`FREQUENCY`,`STATUS`,`ORIGINATE`,`DESCRIPTION`,`GENERATEDTIME`,`WORKER`,`REVISION`,`SYSFLAG`,`CHECKUPPACKAGE_ID`,`USER_ID`,`CREATEBY`,`CREATEON`,`concernedfactors`,`disease_name`,`riskType`,`solution_id`,`riskDefine`,`startage`,`endage`) values ('9003','test','测试项目1选项C','高效,经济,全面','每年','已删除','高风险,FCCN,日本','1.有便血、黑便、体重减轻、贫血等报警症状的人群\n2.大于50岁，包含：结直肠腺瘤、锯齿状息肉及结直肠癌病史；非特异性肠炎病史；阳性家族史（Lynch综合征病史、多发性错构瘤综合征病史等）可以理解为一级亲属有结直肠癌病史；大便隐血实验结果阳性；具有以下两项及两项以上者：①慢性便秘；②黏液血便；③慢性腹泻；④慢性阑尾炎或阑尾切除史；⑤精神刺激史；⑥体重指数 (BMI) ＞28 kg/m2；⑦吸烟指数大于400只/年；慢性胆囊炎及胆囊切除史；慢性便秘指近2年来便秘每年在2个月以上','2016-05-17 15:37:59',NULL,1,NULL,'1001','80a1a7294da440dcad338480047eac22',NULL,'2016-05-17 15:38:19',NULL,NULL,NULL,NULL,NULL,NULL,NULL);
insert  into `tb_checkupitem`(`CHECKUPITEM_ID`,`SUBGROUP`,`NAME`,`FEATURES`,`FREQUENCY`,`STATUS`,`ORIGINATE`,`DESCRIPTION`,`GENERATEDTIME`,`WORKER`,`REVISION`,`SYSFLAG`,`CHECKUPPACKAGE_ID`,`USER_ID`,`CREATEBY`,`CREATEON`,`concernedfactors`,`disease_name`,`riskType`,`solution_id`,`riskDefine`,`startage`,`endage`) values ('9004','','测试项目2单一选项','高效','每年','已删除','高风险,美国','体检是体格检查的简称，指通过医学手段和方法对受检者的身体检查。是医疗的诊断环节，是针对症状或疾病及其相关因素的诊察手段。','2016-05-17 15:38:01',NULL,1,NULL,'1001','80a1a7294da440dcad338480047eac22',NULL,'2016-05-17 15:38:17',NULL,NULL,NULL,NULL,NULL,NULL,NULL);

insert  into `tb_checkuppackage`(`CHECKUPPACKAGE_ID`,`WORKER`,`GENERATEDTIME`,`EFFECTIVEFROM`,`EXPIREON`,`STATUS`,`REVISION`,`SYSFLAG`,`USER_ID`,`CREATEBY`,`CREATEON`) values ('1001',NULL,'2016-05-17 15:40:35','2016-05-17 15:40:37','2016-05-17 15:40:39',NULL,NULL,NULL,'cd5150f3cc014ca8b38eca58ca40e536',NULL,'2016-05-17 15:40:43');
